Rk,Player,FantPt,Draft Team,Round,Pick,Draft Year,College,From,To,Age,G,GS,#Yrs,PB,FantPt,PPR,FantPt,PPR/G,Pos,Team,ref_id
1,Aaron Rodgers,4181.2,GNB,1,24,2005,California,2010,2024,27-41,209,209,20,9,4181.2,4184.2,20.01,20.02,QB,GNBNYJ,RodgAa00
2,Tom Brady,3961.7,NWE,6,199,2000,Michigan,2010,2022,33-45,206,206,23,10,3961.7,3963.7,19.23,19.24,QB,NWETAM,BradTo00
3,Russell Wilson,3713.8,SEA,3,75,2012,Wisconsin,2012,2024,24-36,199,199,13,9,3713.8,3718.8,18.66,18.69,QB,DENPITSEA,WilsRu00
4,Matthew Stafford,3578.3,DET,1,1,2009,Georgia,2010,2024,22-36,212,212,16,2,3578.3,3580.3,16.88,16.89,QB,DETLAR,StafMa00
5,Matt Ryan,3452.6,ATL,1,3,2008,Boston College,2010,2022,25-37,204,204,15,4,3452.6,3453.6,16.92,16.93,QB,ATLIND,RyanMa00
6,Drew Brees,3306.5,SDG,2,32,2001,Purdue,2010,2020,31-41,165,165,20,9,3306.5,3309.5,20.04,20.06,QB,NOR,BreeDr00
7,Philip Rivers,2871.7,NYG,1,4,2004,NC State,2010,2020,29-39,176,176,17,6,2871.7,2871.7,16.32,16.32,QB,INDLACSDG,RivePh00
8,Cam Newton,2827.1,CAR,1,1,2011,Auburn,2011,2021,22-32,148,144,11,3,2827.1,2830.1,19.1,19.12,QB,CARNWE,NewtCa00
9,Ben Roethlisberger,2794.4,PIT,1,11,2004,Miami (OH),2010,2021,28-39,162,161,18,5,2794.4,2795.4,17.25,17.26,QB,PIT,RoetBe00
10,Kirk Cousins,2776.7,WAS,4,102,2012,Michigan State,2012,2024,24-36,164,159,13,4,2776.7,2777.7,16.93,16.94,QB,ATLMINWAS,CousKi00
11,Andy Dalton,2540.1,CIN,2,35,2011,TCU,2011,2024,24-37,175,168,14,3,2540.1,2543.1,14.51,14.53,QB,CARCHICINDALNOR,DaltAn00
12,Derek Carr,2538.6,OAK,2,36,2014,Fresno State,2014,2024,23-33,169,169,11,4,2538.6,2539.6,15.02,15.03,QB,LVRNOROAK,CarrDe02
13,Josh Allen,2461.5,BUF,1,7,2018,Wyoming,2018,2024,22-28,111,110,7,4,2461.5,2462.5,22.18,22.18,QB,BUF,AlleJo02
14,Patrick Mahomes,2429.2,KAN,1,10,2017,Texas Tech,2017,2024,22-29,112,112,8,6,2429.2,2431.2,21.69,21.71,QB,KAN,MahoPa00
15,Ryan Tannehill,2366.4,MIA,1,8,2012,Texas A&M,2012,2023,24-35,155,151,11,1,2366.4,2370.4,15.27,15.29,QB,MIATEN,TannRy00
16,Dak Prescott,2284.4,DAL,4,135,2016,Mississippi State,2016,2024,23-31,122,122,9,4,2284.4,2285.4,18.72,18.73,QB,DAL,PresDa01
17,Jared Goff,2202.7,LAR,1,1,2016,California,2016,2024,22-30,134,134,9,4,2202.7,2204.7,16.44,16.45,QB,DETLAR,GoffJa00
18,Eli Manning,2175.9,SDG,1,1,2004,Ole Miss,2010,2019,29-38,147,147,16,3,2175.9,2175.9,14.8,14.8,QB,NYG,MannEl00
19,Lamar Jackson,2143.7,BAL,1,32,2018,Louisville,2018,2024,21-27,103,94,7,4,2143.7,2143.7,20.81,20.81,QB,BAL,JackLa00
20,Derrick Henry,1975,TEN,2,45,2016,Alabama,2016,2024,22-30,136,105,9,5,1975,2149,14.52,15.8,RB,BALTEN,HenrDe00
21,Alex Smith,1942.2,SFO,1,1,2005,Utah,2010,2020,26-36,131,127,14,3,1942.2,1944.2,14.83,14.84,QB,KANSFOWAS,SmitAl03
22,Mike Evans,1909.4,TAM,1,7,2014,Texas A&M,2014,2024,21-31,168,167,11,5,1909.4,2745.4,11.37,16.34,WR,TAM,EvanMi00
23,LeSean McCoy,1891.5,PHI,2,53,2009,Pittsburgh,2010,2020,22-32,154,137,12,6,1891.5,2369.5,12.28,15.39,RB,BUFKANPHITAM,McCoLe01
24,Davante Adams,1806.3,GNB,2,53,2014,Fresno State,2014,2024,22-32,164,157,11,6,1806.3,2763.3,11.01,16.85,WR,GNBLVRNYJ,AdamDa01
25,DeAndre Hopkins,1786.8,HOU,1,27,2013,Clemson,2013,2024,21-32,178,169,12,5,1786.8,2770.8,10.04,15.57,WR,ARIHOUKANTEN,HopkDe00
26,Julio Jones,1776.6,ATL,1,6,2011,Alabama,2011,2023,22-34,166,153,13,7,1776.6,2690.6,10.7,16.21,WR,ATLPHITAMTEN,JoneJu02
27,Antonio Brown,1767.3,PIT,6,195,2010,Central Michigan,2010,2021,22-33,146,110,12,7,1767.3,2695.3,12.1,18.46,WR,NWEPITTAM,BrowAn04
28,Tyreek Hill,1753.7,KAN,5,165,2016,West Alabama,2016,2024,22-30,141,123,9,8,1753.7,2551.7,12.44,18.1,WR,KANMIA,HillTy00
29,Ezekiel Elliott,1695,DAL,1,4,2016,Ohio State,2016,2024,21-29,135,109,9,3,1695,2063,12.56,15.28,RB,DALNWE,ElliEz00
30,Adrian Peterson,1687.9,MIN,1,7,2007,Oklahoma,2010,2021,25-36,138,128,15,4,1687.9,1909.9,12.23,13.84,RB,ARIDETMINNORSEATENWAS,PeteAd01
31,Travis Kelce,1680.8,KAN,3,63,2013,Cincinnati,2013,2024,24-35,175,168,12,10,1680.8,2684.8,9.6,15.34,TE,KAN,KelcTr00
32,Alvin Kamara,1672.6,NOR,3,67,2017,Tennessee,2017,2024,22-29,115,84,8,5,1672.6,2245.6,14.54,19.53,RB,NOR,KamaAl00
33,Baker Mayfield,1659.1,CLE,1,1,2018,Oklahoma,2018,2024,23-29,106,103,7,1,1659.1,1660.1,15.65,15.66,QB,CARCLELARTAM,MayfBa00
34,Frank Gore,1595.3,SFO,3,65,2005,Miami (FL),2010,2020,27-37,168,158,16,3,1595.3,1855.3,9.5,11.04,RB,BUFINDMIANYJSFO,GoreFr00
35,Christian McCaffrey,1574.7,CAR,1,8,2017,Stanford,2017,2024,21-28,95,88,8,3,1574.7,2098.7,16.58,22.09,RB,CARSFO,McCaCh01
36,Carson Wentz,1563.3,PHI,1,2,2016,North Dakota State,2016,2024,24-32,98,94,9,1,1563.3,1565.3,15.95,15.97,QB,INDKANLARPHIWAS,WentCa00
37,Carson Palmer,1559.6,CIN,1,1,2003,Southern California,2010,2017,31-38,101,100,14,1,1559.6,1559.6,15.44,15.44,QB,ARICINOAK,PalmCa00
38,Jameis Winston,1540.8,TAM,1,1,2015,Florida State,2015,2024,21-30,105,87,10,1,1540.8,1540.8,14.67,14.67,QB,CLENORTAM,WinsJa00
39,Keenan Allen,1530.7,SDG,3,76,2013,California,2013,2024,21-32,154,149,12,6,1530.7,2504.7,9.94,16.26,WR,CHILACSDG,AlleKe00
40,Greg Zuerlein,1507,STL,6,171,2012,Missouri Western State,2012,2024,25-37,192,0,13,1,1507,1507,7.85,7.85,K,DALLARNYJSTL,ZuerGr00
41,Stefon Diggs,1488.6,MIN,5,146,2015,Maryland,2015,2024,22-31,144,136,10,4,1488.6,2345.6,10.34,16.29,WR,BUFHOUMIN,DiggSt00
42,Rob Gronkowski,1482.8,NWE,2,42,2010,Arizona,2010,2021,21-32,143,128,11,5,1482.8,2103.8,10.37,14.71,TE,NWETAM,GronRo00
43,Matt Forte,1475.3,CHI,2,44,2008,Tulane,2010,2017,25-32,114,105,10,2,1475.3,1909.3,12.94,16.75,RB,CHINYJ,FortMa00
44,A.J. Green,1468.7,CIN,1,4,2011,Georgia,2011,2022,23-34,158,144,11,7,1468.7,2195.7,9.3,13.9,WR,ARICIN,GreeA.00
45,Mark Ingram,1457.6,NOR,1,28,2011,Alabama,2011,2022,22-33,156,100,12,3,1457.6,1760.6,9.34,11.29,RB,BALHOUNOR,IngrMa01
46,Deshaun Watson,1439,HOU,1,12,2017,Clemson,2017,2024,22-29,73,72,7,3,1439,1440,19.71,19.73,QB,CLEHOU,WatsDe00
47,Joe Mixon,1425.6,CIN,2,48,2017,Oklahoma,2017,2024,21-28,111,102,8,2,1425.6,1744.6,12.84,15.72,RB,CINHOU,MixoJo00
48,Stephen Gostkowski,1418,NWE,4,118,2006,Memphis,2010,2020,26-36,155,0,15,3,1418,1418,9.15,9.15,K,NWETEN,GostSt20
49,Larry Fitzgerald,1413.9,ARI,1,3,2004,Pittsburgh,2010,2020,27-37,171,169,17,7,1413.9,2322.9,8.27,13.58,WR,ARI,FitzLa00
50,Peyton Manning,1410.9,IND,1,1,1998,Tennessee,2010,2015,34-39,74,73,17,4,1410.9,1410.9,19.07,19.07,QB,DENIND,MannPe00
51,Amari Cooper,1389.4,OAK,1,4,2015,Alabama,2015,2024,21-30,154,143,10,5,1389.4,2100.4,9.02,13.64,WR,BUFCLEDALOAK,CoopAm00
52,Jimmy Graham,1382.8,NOR,3,95,2010,Miami (FL),2010,2023,24-37,197,134,13,5,1382.8,2101.8,7.02,10.67,TE,CHIGNBNORSEA,GrahJi00
53,Marshawn Lynch,1370.3,BUF,1,12,2007,California,2010,2019,24-33,108,101,12,4,1370.3,1564.3,12.69,14.48,RB,BUFOAKSEA,LyncMa00
54,Aaron Jones,1356.2,GNB,5,182,2017,UTEP,2017,2024,23-30,114,102,8,1,1356.2,1679.2,11.9,14.73,RB,GNBMIN,JoneAa00
55,Demaryius Thomas,1338.9,DEN,1,22,2010,Georgia Tech,2010,2019,23-32,143,128,10,5,1338.9,2062.9,9.36,14.43,WR,DENHOUNYJ,ThomDe03
56,Saquon Barkley,1335.4,NYG,1,2,2018,Penn State,2018,2024,21-27,90,90,7,3,1335.4,1656.4,14.84,18.4,RB,NYGPHI,BarkSa00
57,T.Y. Hilton,1310.7,IND,3,92,2012,Florida International,2012,2022,23-33,146,121,11,4,1310.7,1948.7,8.98,13.35,WR,DALIND,HiltT.00
58,Melvin Gordon,1291.6,SDG,1,15,2015,Wisconsin,2015,2023,22-30,112,94,9,2,1291.6,1603.6,11.53,14.32,RB,BALDENLACSDG,GordMe00
59,Le'Veon Bell,1286.3,PIT,2,48,2013,Michigan State,2013,2021,21-29,96,81,8,3,1286.3,1685.3,13.4,17.56,RB,BALKANNYJPITTAM,BellLe00
60,Tyler Lockett,1277.9,SEA,3,69,2015,Kansas State,2015,2024,23-32,161,134,10,1,1277.9,1938.9,7.94,12.04,WR,SEA,LockTy00
61,Emmanuel Sanders,1263.8,PIT,3,82,2010,SMU,2010,2021,23-34,172,122,12,2,1263.8,1967.8,7.35,11.44,WR,BUFDENNORPITSFO,SandEm00
62,DeMarco Murray,1244.3,DAL,3,71,2011,Oklahoma,2011,2017,23-29,99,86,7,3,1244.3,1551.3,12.57,15.67,RB,DALPHITEN,MurrDe00
63,James Conner,1236.7,PIT,3,105,2017,Pittsburgh,2017,2024,22-29,107,81,8,2,1236.7,1517.7,11.56,14.18,RB,ARIPIT,ConnJa00
64,DeSean Jackson,1236.5,PHI,2,49,2008,California,2010,2022,24-36,152,129,15,2,1236.5,1753.5,8.13,11.54,WR,BALLARLVRPHITAMWAS,JackDe00
65,Geno Smith,1232.2,NYJ,2,39,2013,West Virginia,2013,2024,23-34,94,83,11,2,1232.2,1234.2,13.11,13.13,QB,LACNYGNYJSEA,SmitGe00
66,Calvin Johnson,1221.1,DET,1,2,2007,Georgia Tech,2010,2015,25-30,90,90,9,6,1221.1,1759.1,13.57,19.55,WR,DET,JohnCa00
67,Dez Bryant,1202.7,DAL,1,24,2010,Oklahoma State,2010,2020,22-32,119,99,9,3,1202.7,1739.7,10.11,14.62,WR,BALDAL,BryaDe01
68,Jordy Nelson,1193.9,GNB,2,36,2008,Kansas State,2010,2018,25-33,122,100,10,1,1193.9,1751.9,9.79,14.36,WR,GNBOAK,NelsJo00
69,Latavius Murray,1183.2,OAK,6,181,2013,UCF,2014,2023,24-33,151,80,10,1,1183.2,1422.2,7.84,9.42,RB,BALBUFDENMINNOROAK,MurrLa00
70,Odell Beckham Jr.,1179.4,NYG,1,12,2014,Louisiana State,2014,2024,22-32,119,97,10,3,1179.4,1754.4,9.91,14.74,WR,BALCLELARMIANYG,BeckOd00
71,Brandon Marshall,1176.6,DEN,4,119,2006,UCF,2010,2018,26-34,118,113,13,4,1176.6,1819.6,9.97,15.42,WR,CHIMIANYGNYJSEA,MarsBr00
72,Cooper Kupp,1137.5,LAR,3,69,2017,Eastern Washington,2017,2024,24-31,104,89,8,1,1137.5,1771.5,10.94,17.03,WR,LAR,KuppCo00
73,Randall Cobb,1135.2,GNB,2,64,2011,Kentucky,2011,2023,21-33,166,88,13,1,1135.2,1765.2,6.84,10.63,WR,DALGNBHOUNYJ,CobbRa00
74,Zach Ertz,1131.2,PHI,2,35,2013,Stanford,2013,2024,23-34,168,130,12,3,1131.2,1906.2,6.73,11.35,TE,ARIPHIWAS,ErtzZa00
75,Golden Tate,1127,SEA,2,60,2010,Notre Dame,2010,2020,22-32,160,114,11,1,1127,1822,7.04,11.39,WR,DETNYGPHISEA,TateGo00
76,Nick Chubb,1112.5,CLE,2,35,2018,Georgia,2018,2024,23-29,85,78,7,4,1112.5,1240.5,13.09,14.59,RB,CLE,ChubNi00
77,Jamaal Charles,1111,KAN,3,73,2008,Texas,2010,2018,24-32,88,57,11,4,1111,1354,12.63,15.39,RB,DENJAXKAN,CharJa00
78,Kareem Hunt,1107,KAN,3,86,2017,Toledo,2017,2024,22-29,104,46,8,1,1107,1356,10.64,13.04,RB,CLEKAN,HuntKa00
79,Dalvin Cook,1098.9,MIN,2,41,2017,Florida State,2017,2024,22-29,90,73,8,4,1098.9,1335.9,12.21,14.84,RB,BALDALMINNYJ,CookDa01
80,Jarvis Landry,1070.8,MIA,2,63,2014,Louisiana State,2014,2022,22-30,132,116,9,5,1070.8,1783.8,8.11,13.51,WR,CLEMIANOR,LandJa00
81,Sam Darnold,1066.6,NYJ,1,3,2018,Southern California,2018,2024,21-27,83,73,7,1,1066.6,1066.6,12.85,12.85,QB,CARMINNYJSFO,DarnSa00
82,Mike Wallace,1052.9,PIT,3,84,2009,Ole Miss,2010,2018,24-32,128,120,10,1,1052.9,1551.9,8.23,12.12,WR,BALMIAMINPHIPIT,WallMi00
83,Tyrod Taylor,1045.5,BAL,6,180,2011,Virginia Tech,2011,2024,22-35,94,58,14,1,1045.5,1047.5,11.12,11.14,QB,BALBUFCLEHOULACNYGNYJ,TaylTy00
84,David Johnson,1017.6,ARI,3,86,2015,Northern Iowa,2015,2022,24-31,92,63,8,1,1017.6,1294.6,11.06,14.07,RB,ARIHOUNOR,JohnDa08
85,George Kittle,1013.1,SFO,5,146,2017,Iowa,2017,2024,24-31,113,105,8,6,1013.1,1551.1,8.97,13.73,TE,SFO,KittGe00
86,Chris Johnson,994.9,TEN,1,24,2008,East Carolina,2010,2017,25-32,99,81,10,1,994.9,1208.9,10.05,12.21,RB,ARINYJTEN,JohnCh04
87,Devonta Freeman,984.3,ATL,4,103,2014,Florida State,2014,2021,22-29,98,71,8,2,984.3,1282.3,10.04,13.08,RB,ATLBALNYG,FreeDe00
88,Jason Witten,984.1,DAL,3,69,2003,Tennessee,2010,2020,28-38,160,151,17,5,984.1,1689.1,6.15,10.56,TE,DALLVR,WittJa00
89,Alshon Jeffery,980.6,CHI,2,45,2012,South Carolina,2012,2020,22-30,109,97,9,1,980.6,1455.6,9,13.35,WR,CHIPHI,JeffAl00
90,Sebastian Janikowski,979,OAK,1,17,2000,Florida State,2010,2018,32-40,127,0,18,1,979,979,7.71,7.71,K,OAKSEA,janikseb01
91,Greg Olsen,978.6,CHI,1,31,2007,Miami (FL),2010,2020,25-35,153,144,14,3,978.6,1567.6,6.4,10.25,TE,CARCHISEA,OlseGr00
92,Chris Godwin,978,TAM,3,84,2017,Penn State,2017,2024,21-28,111,84,8,1,978,1557,8.81,14.03,WR,TAM,GodwCh00
93,Jared Cook,976.3,TEN,3,89,2009,South Carolina,2010,2021,23-34,180,99,13,2,976.3,1520.3,5.42,8.45,TE,GNBLACNOROAKSTLTEN,CookJa02
94,Lamar Miller,969.5,MIA,4,97,2012,Miami (FL),2012,2020,21-29,106,89,8,1,969.5,1180.5,9.15,11.14,RB,CHIHOUMIA,MillLa01
95,Allen Robinson,968.8,JAX,2,61,2014,Penn State,2014,2024,21-31,139,122,11,1,968.8,1533.8,6.97,11.03,WR,CHIDETJAXLARPIT,RobiAl02
96,Teddy Bridgewater,959.7,MIN,1,32,2014,Louisville,2014,2024,22-32,79,65,10,1,959.7,959.7,12.15,12.15,QB,CARDENDETMIAMINNOR,BridTe00
97,Jake Elliott,958,CIN,5,153,2017,Memphis,2017,2024,22-29,130,0,8,1,958,958,7.37,7.37,K,PHI,ElliJa03
98,Darren Sproles,920.5,SDG,4,130,2005,Kansas State,2010,2019,27-36,121,29,14,3,920.5,1386.5,7.61,11.46,RB,NORPHISDG,SproDa00
99,Mitchell Trubisky,900,CHI,1,2,2017,North Carolina,2017,2024,23-30,78,57,8,1,900,900,11.54,11.54,QB,BUFCHIPIT,TrubMi00
100,Ryan Mathews,881.2,SDG,1,12,2010,Fresno State,2010,2016,23-29,86,66,7,1,881.2,1060.2,10.25,12.33,RB,PHISDG,MathRy00
101,Michael Vick,870.2,ATL,1,1,2001,Virginia Tech,2010,2015,30-35,57,47,13,1,870.2,870.2,15.27,15.27,QB,NYJPHIPIT,VickMi00
102,Alfred Morris,868.6,WAS,6,173,2012,Florida Atlantic,2012,2020,24-32,114,70,9,2,868.6,936.6,7.62,8.22,RB,ARIDALNYGSFOWAS,MorrAl00
103,Mark Andrews,864.3,BAL,3,86,2018,Oklahoma,2018,2024,23-29,104,55,7,3,864.3,1300.3,8.31,12.5,TE,BAL,AndrMa00
104,Michael Thomas,864.1,NOR,2,47,2016,Ohio State,2016,2023,23-30,83,72,7,3,864.1,1429.1,10.41,17.22,WR,NOR,ThomMi05
105,Nick Foles,858.8,PHI,3,88,2012,Arizona,2012,2022,23-33,71,58,11,1,858.8,859.8,12.1,12.11,QB,CHIINDJAXKANPHISTL,FoleNi00
106,Jonathan Stewart,845.5,CAR,1,13,2008,Oregon,2010,2018,23-31,102,61,11,1,845.5,981.5,8.29,9.62,RB,CARNYG,StewJo00
107,Roddy White,831.7,ATL,1,27,2005,UAB,2010,2015,29-34,91,90,11,2,831.7,1324.7,9.14,14.56,WR,ATL,WhitRo00
108,Cordarrelle Patterson,830.1,MIN,1,29,2013,Tennessee,2013,2024,22-33,183,61,12,4,830.1,1140.1,4.54,6.23,WR,ATLCHIMINNWEOAKPIT,PattCo00
109,Steve Smith Sr.,829.3,CAR,3,74,2001,Utah,2010,2016,31-37,98,98,16,1,829.3,1286.3,8.46,13.13,WR,BALCAR,SmitSt01
110,Doug Martin,826.3,TAM,1,31,2012,Boise State,2012,2018,23-29,84,74,7,2,826.3,974.3,9.84,11.6,RB,OAKTAM,MartDo00
111,Steven Jackson,790.7,STL,1,24,2004,Oregon State,2010,2015,27-32,76,75,12,1,790.7,970.7,10.4,12.77,RB,ATLNWESTL,JackSt00
112,Matt Schaub,789.6,ATL,3,90,2004,Virginia,2010,2020,29-39,79,53,16,1,789.6,791.6,9.99,10.02,QB,ATLBALHOUOAK,SchaMa00
113,Vernon Davis,788.4,SFO,1,6,2006,Maryland,2010,2019,26-35,142,125,14,1,788.4,1190.4,5.55,8.38,TE,DENSFOWAS,DaviVe00
114,Andre Johnson,787.5,HOU,1,3,2003,Miami (FL),2010,2016,29-35,91,85,14,3,787.5,1262.5,8.65,13.87,WR,HOUINDTEN,JohnAn02
115,Kyle Rudolph,781.3,MIN,2,43,2011,Notre Dame,2011,2022,22-33,165,145,12,2,781.3,1263.3,4.74,7.66,TE,MINNYGTAM,RudoKy00
116,Vincent Jackson,768.5,SDG,2,61,2005,Northern Colorado,2010,2016,27-33,84,83,12,2,768.5,1110.5,9.15,13.22,WR,SDGTAM,JackVi00
117,Delanie Walker,740.4,SFO,6,175,2006,Central Missouri,2010,2019,26-35,129,79,14,3,740.4,1190.4,5.74,9.23,FB,SFOTEN,WalkHu00
118,Jordan Howard,729.5,CHI,5,150,2016,Indiana,2016,2022,22-28,73,52,7,1,729.5,814.5,9.99,11.16,RB,CHIMIANORPHI,HowaJo00
119,Courtland Sutton,729.4,DEN,2,40,2018,SMU,2018,2024,23-29,98,82,7,1,729.4,1108.4,7.44,11.31,WR,DEN,SuttCo00
120,JuJu Smith-Schuster,728.1,PIT,2,62,2017,Southern California,2017,2024,21-28,104,80,8,1,728.1,1176.1,7,11.31,WR,KANNWEPIT,SmitJu00
121,Robert Griffin III,703.7,WAS,1,2,2012,Baylor,2012,2020,22-30,56,42,7,1,703.7,703.7,12.57,12.57,QB,BALCLEWAS,GrifRo01
122,Maurice Jones-Drew,684.8,JAX,2,60,2006,UCLA,2010,2014,25-29,63,51,9,2,684.8,829.8,10.87,13.17,RB,JAXOAK,DrewMa00
123,Josh Brown,663,SEA,7,222,2003,Nebraska,2010,2016,31-37,89,0,14,1,663,663,7.45,7.45,K,CINNYGSTL,brownjos01
124,Evan Engram,653.5,NYG,1,23,2017,Ole Miss,2017,2024,23-30,108,89,8,2,653.5,1149.5,6.05,10.64,TE,JAXNYG,EngrEv00
125,Greg Jennings,649.3,GNB,2,52,2006,Western Michigan,2010,2015,27-32,84,67,10,2,649.3,974.3,7.73,11.6,WR,GNBMIAMIN,JennGr00
126,Dwayne Bowe,627.8,KAN,1,23,2007,Louisiana State,2010,2015,26-31,82,72,9,1,627.8,961.8,7.66,11.73,WR,CLEKAN,BoweDw00
127,Matt Cassel,620.9,NWE,7,230,2005,Southern California,2010,2018,28-36,62,51,14,1,620.9,621.9,10.01,10.03,QB,BUFDALDETKANMINTEN,CassMa00
128,C.J. Spiller,615.5,BUF,1,9,2010,Clemson,2010,2017,23-30,90,38,8,1,615.5,813.5,6.84,9.04,RB,BUFKANNORNYJSEA,SpilC.00
129,Reggie Wayne,605.2,IND,1,30,2001,Miami (FL),2010,2014,32-36,70,69,14,2,605.2,999.2,8.65,14.27,WR,IND,WaynRe00
130,Eric Ebron,595.1,DET,1,10,2014,North Carolina,2014,2021,21-28,106,59,8,1,595.1,946.1,5.61,8.93,TE,DETINDPIT,EbroEr00
131,Austin Hooper,589.8,ATL,3,81,2016,Stanford,2016,2024,22-30,139,76,9,2,589.8,998.8,4.24,7.19,TE,ATLCLELVRNWETEN,HoopAu00
132,Michael Turner,583.2,SDG,5,154,2004,Northern Illinois,2010,2012,28-30,48,46,9,1,583.2,631.2,12.15,13.15,RB,ATL,TurnMi00
133,Martellus Bennett,572.1,DAL,2,61,2008,Texas A&M,2010,2017,23-30,114,94,10,1,572.1,970.1,5.02,8.51,TE,CHIDALGNBNWENYG,BennMa00
134,Josh Gordon,559.3,CLE,2,1,2012,Utah,2012,2022,21-31,77,63,8,1,559.3,811.3,7.26,10.54,WR,CLEKANNWESEATEN,GordJo02
135,Marcedes Lewis,555.1,JAX,1,28,2006,UCLA,2010,2024,26-40,223,179,19,1,555.1,869.1,2.49,3.9,TE,CHIGNBJAX,LewiMa00
136,David Njoku,554.3,CLE,1,29,2017,Miami (FL),2017,2024,21-28,106,77,8,1,554.3,905.3,5.23,8.54,TE,CLE,NjokDa00
137,Jermaine Gresham,537.2,CIN,1,21,2010,Oklahoma,2010,2018,22-30,132,118,9,2,537.2,914.2,4.07,6.93,TE,ARICIN,GresJe00
138,Darren Waller,531,BAL,6,204,2015,Georgia Tech,2015,2023,23-31,86,63,8,1,531,881,6.17,10.24,WR,BALLVRNYGOAK,WallDa01
139,Jordan Reed,520,WAS,3,85,2013,Florida,2013,2020,23-30,75,36,7,1,520,875,6.93,11.67,TE,SFOWAS,ReedJo02
140,Justin Forsett,517.2,SEA,7,233,2008,California,2010,2016,25-31,92,35,9,1,517.2,686.2,5.62,7.46,RB,BALDENDETHOUJAXSEA,ForsJu00
141,Tony Gonzalez,508,KAN,1,13,1997,California,2010,2013,34-37,64,64,17,4,508,834,7.94,13.03,TE,ATL,GonzTo00
142,Brandon Lloyd,492.1,SFO,4,124,2003,Illinois,2010,2014,29-33,61,43,11,1,492.1,727.1,8.07,11.92,WR,DENNWESFOSTL,LloyBr00
143,Heath Miller,491.6,PIT,1,30,2005,Virginia,2010,2015,28-33,90,90,11,1,491.6,839.6,5.46,9.33,TE,PIT,MillHe00
144,Julius Thomas,456.6,DEN,4,129,2011,Portland State,2011,2017,23-29,71,53,7,2,456.6,682.6,6.43,9.61,TE,DENJAXMIA,ThomJu00
145,DJ Chark,454,JAX,2,61,2018,Louisiana State,2018,2024,22-28,76,51,7,1,454,670,5.97,8.82,WR,CARDETJAXLAC,CharDJ00
146,Owen Daniels,442,HOU,4,98,2006,Wisconsin,2010,2015,28-33,77,73,10,1,442,714,5.74,9.27,TE,BALDENHOU,DaniOw00
147,Andre Roberts,425.9,ARI,3,88,2010,The Citadel,2010,2022,22-34,182,41,13,3,425.9,687.9,2.34,3.78,WR,ARIATLBUFCARDETHOULACNYJWAS,RobeAn00
148,Kyle Juszczyk,422.1,BAL,4,130,2013,Harvard,2013,2024,22-33,189,142,12,9,422.1,703.1,2.23,3.72,RB,BALSFO,JuszKy00
149,Tyler Eifert,408.1,CIN,1,21,2013,Notre Dame,2013,2020,23-30,74,41,8,1,408.1,629.1,5.51,8.5,TE,CINJAX,EifeTy00
150,Willis McGahee,389.4,BUF,1,23,2003,Miami (FL),2010,2013,29-32,52,31,10,1,389.4,449.4,7.49,8.64,RB,BALCLEDEN,McGaWi00
151,Dexter McCluster,359.5,KAN,2,36,2010,Ole Miss,2010,2016,21-27,89,27,7,1,359.5,595.5,4.04,6.69,WR,KANSDGTEN,McClDe00
152,Jacoby Jones,293.2,HOU,3,73,2007,Lane,2010,2015,26-31,84,29,9,1,293.2,451.2,3.49,5.37,WR,BALHOUPITSDG,JoneJa03
153,Gary Barnidge,287.6,CAR,5,141,2008,Louisville,2010,2016,25-31,93,51,8,1,287.6,453.6,3.09,4.88,TE,CARCLE,BarnGa01
154,Devin Hester,259.6,CHI,2,57,2006,Miami (FL),2010,2016,28-34,96,27,11,2,259.6,386.6,2.7,4.03,WR,ATLBALCHISEA,HestDe99
155,Zach Miller,253.7,OAK,2,38,2007,Arizona State,2010,2014,25-29,63,60,8,1,253.7,415.7,4.03,6.6,TE,OAKSEA,MillZa01
156,Donald Driver,178.7,GNB,7,213,1999,Alcorn State,2010,2012,35-37,44,31,14,1,178.7,274.7,4.06,6.24,WR,GNB,DrivDo00
157,Jamal Agnew,168.9,DET,5,165,2017,San Diego,2017,2023,22-28,82,5,7,1,168.9,245.9,2.06,3,WR,DETJAX,AgneJa00
158,Dwayne Harris,163.1,DAL,6,176,2011,East Carolina,2011,2020,24-33,109,11,10,1,163.1,240.1,1.5,2.2,WR,CHIDALNYGOAK,HarrDw00
159,Leon Washington,126.6,NYJ,4,117,2006,Florida State,2010,2014,28-32,71,1,9,1,126.6,171.6,1.78,2.42,RB,NWESEATEN,WashLe00
160,Anthony Sherman,90.5,ARI,5,136,2011,Connecticut,2011,2020,23-32,153,35,10,1,90.5,156.5,0.59,1.02,RB,ARIKAN,SherAn00
161,Pharoh Cooper,65.1,LAR,4,117,2016,South Carolina,2016,2022,21-27,75,7,7,1,65.1,126.1,0.87,1.68,WR,ARICARCINLARNYG,CoopPh00
162,Michael Robinson,56.8,SFO,4,100,2006,Penn State,2010,2013,27-30,50,17,8,1,56.8,88.8,1.14,1.78,FB,SEA,RobiMi00
163,Cedric Peerman,53.2,BAL,6,185,2009,Virginia,2010,2016,24-30,90,1,8,1,53.2,66.2,0.59,0.74,RB,CIN,PeerCe00
164,Jerome Felton,40.3,DET,5,146,2008,Furman,2010,2016,24-30,106,36,9,1,40.3,68.3,0.38,0.64,RB,BUFCARDETINDMIN,FeltJe00
165,Ovie Mughelli,36.8,BAL,4,134,2003,Wake Forest,2010,2011,30-31,23,11,9,1,36.8,53.8,1.6,2.34,FB,ATL,MughOv00
166,J.J. Watt,24.4,HOU,1,11,2011,Wisconsin,2011,2022,22-33,151,151,12,5,24.4,27.4,0.16,0.18,LDE,ARIHOU,WattJ.00
167,Dontari Poe,16.3,KAN,1,11,2012,Memphis,2012,2020,22-30,128,125,9,2,16.3,16.3,0.13,0.13,NT,ATLCARDALKAN,PoexDo00
168,Dion Dawkins,12.8,BUF,2,63,2017,Temple,2017,2024,23-30,128,122,8,4,12.8,14.8,0.1,0.12,T,BUF,DawkDi00
169,Sheldon Richardson,12.4,NYJ,1,13,2013,Missouri,2013,2021,23-31,138,125,9,1,12.4,12.4,0.09,0.09,LDT,CLEMINNYJSEA,RichSh00
170,Sam Koch,11.7,BAL,6,203,2006,Nebraska,2010,2021,28-39,192,0,16,1,11.7,11.7,0.06,0.06,P,BAL,KochSa20
171,Kevin Byard,7.7,TEN,3,64,2016,Middle Tennessee,2016,2024,23-31,147,138,9,2,7.7,8.7,0.05,0.06,FS,CHIPHITEN,ByarKe01
172,Taylor Lewan,7,TEN,1,11,2014,Michigan,2014,2022,23-31,105,100,9,3,7,8,0.07,0.08,LT,TEN,LewaTa00
173,Kyle Williams,7,BUF,5,134,2006,Louisiana State,2010,2018,27-35,121,121,13,6,7,8,0.06,0.07,LDT,BUF,WillKy20
174,Lane Johnson,6.5,PHI,1,4,2013,Oklahoma,2013,2024,23-34,158,158,12,6,6.5,7.5,0.04,0.05,RT,PHI,JohnLa01
175,Eric Fisher,6.2,KAN,1,1,2013,Central Michigan,2013,2021,22-30,132,128,9,2,6.2,7.2,0.05,0.05,LT,INDKAN,FishEr00
176,Akiem Hicks,6.1,NOR,3,89,2012,Regina,2012,2022,23-33,149,121,11,1,6.1,6.1,0.04,0.04,DE,CHINORNWETAM,HickAk00
177,Vita Vea,6.1,TAM,1,12,2018,Washington,2018,2024,23-29,95,90,7,2,6.1,7.1,0.06,0.07,NT,TAM,VeaxVi00
178,Andrew Whitworth,6.1,CIN,2,55,2006,Louisiana State,2010,2021,29-40,181,181,16,4,6.1,7.1,0.03,0.04,LT,CINLAR,WhitAn20
179,Shane Lechler,6,OAK,5,142,2000,Texas A&M,2010,2017,34-41,128,0,18,2,6,6,0.05,0.05,P,HOUOAK,LechSh20
180,Dashon Goldson,5.3,SFO,4,126,2007,Washington,2010,2016,26-32,92,88,10,2,5.3,5.3,0.06,0.06,FS,ATLSFOTAMWAS,GoldDa99
181,Patrick Peterson,4.6,ARI,1,5,2011,Louisiana State,2011,2023,21-33,201,200,13,8,4.6,14.6,0.02,0.07,LCB,ARIMINPIT,PetePa00
182,Pat McAfee,3.2,IND,7,222,2009,West Virginia,2010,2016,23-29,111,0,8,2,3.2,3.2,0.03,0.03,P,IND,McAfPa44
183,Joe Staley,3.1,SFO,1,28,2007,Central Michigan,2010,2019,26-35,140,140,13,6,3.1,6.1,0.02,0.04,LT,SFO,StalJo20
184,Andy Lee,2.2,SFO,6,188,2004,Pittsburgh,2010,2022,28-40,201,0,19,1,2.2,2.2,0.01,0.01,P,ARICARCLESFO,LeexAn20
185,Jalen Reeves-Maybin,1.6,DET,4,124,2017,Tennessee,2017,2024,22-29,114,14,8,1,1.6,1.6,0.01,0.01,LB,DETHOU,ReevJa00
186,Logan Cooke,1.3,JAX,7,247,2018,Mississippi State,2018,2024,23-29,112,0,7,1,1.3,1.3,0.01,0.01,P,JAX,CookLo00
187,Matthew Slater,1.1,NWE,5,153,2008,UCLA,2010,2023,25-38,211,3,16,10,1.1,2.1,0.01,0.01,WR,NWE,SlatMa00
188,Bryan Anger,1,JAX,3,70,2012,California,2012,2024,24-36,210,0,13,2,1,1,0,0,P,DALHOUJAXTAM,AngeBr00
189,Mike Iupati,1,SFO,1,17,2010,Idaho,2010,2020,23-33,140,139,11,4,1,2,0.01,0.01,LG,ARISEASFO,IupaMi20
190,Jordan Poyer,1,PHI,7,218,2013,Oregon State,2013,2024,22-33,171,133,12,1,1,1,0.01,0.01,FS,BUFCLEMIAPHI,PoyeJo00
191,Michael Dickson,0.9,SEA,5,149,2018,Texas,2018,2024,22-28,116,0,7,1,0.9,0.9,0.01,0.01,P,SEA,DickMi00
192,Thomas Morstead,0.7,NOR,5,164,2009,SMU,2010,2024,24-38,239,0,16,1,0.7,0.7,0,0,P,ATLMIANORNYJ,MorsTh00
193,Eric Weddle,0.4,SDG,2,37,2007,Utah,2010,2021,25-36,157,157,14,6,0.4,0.4,0,0,FS,BALLARSDG,WeddEr99
194,Dustin Colquitt,0.2,KAN,3,99,2005,Tennessee,2010,2021,28-39,177,0,17,2,0.2,0.2,0,0,P,ATLCLEJAXKANPIT,ColqDu20
195,Jordan Gross,0.1,CAR,1,8,2003,Utah,2010,2013,30-33,63,63,11,2,0.1,0.1,0,0,LT,CAR,GrosJo20
196,Jamal Adams,0,NYJ,1,6,2017,Louisiana State,2017,2024,22-29,85,83,8,3,0,0,0,0,DB,DETNYJSEATEN,AdamJa00
197,Jaire Alexander,0,GNB,1,18,2018,Louisville,2018,2024,21-27,78,76,7,2,0,0,0,0,LCB,GNB,AlexJa00
198,Kwon Alexander,0,TAM,4,124,2015,Louisiana State,2015,2024,21-30,109,92,10,1,0,0,0,0,LB,DENDETNORNYJPITSFOTAM,AlexKw00
199,Jonathan Allen,0,WAS,1,17,2017,Alabama,2017,2024,22-29,109,108,8,2,0,0,0,0,LDE,WAS,AlleJo01
200,Terron Armstead,0,NOR,3,75,2013,Arkansas–Pine Bluff,2013,2024,22-33,135,131,12,5,0,0,0,0,T,MIANOR,ArmsTe00
201,Budda Baker,0,ARI,2,36,2017,Washington,2017,2024,21-28,122,112,7,8,0,0,0,0,FS,ARI,BakeBu00
202,David Bakhtiari,0,GNB,4,109,2013,Colorado,2013,2023,22-32,131,131,3,11,0,0,0,0,LT,GNB,BakhDa00
203,Anthony Barr,0,MIN,1,9,2014,UCLA,2014,2023,22-31,116,108,4,10,0,0,0,0,RLB,DALMIN,BarrAn00
204,Jessie Bates III,0,CIN,2,54,2018,Wake Forest,2018,2024,21-27,113,113,1,7,0,0,0,0,S,ATLCIN,BateJe00
205,Justin Bethel,0,ARI,6,177,2012,Presbyterian,2012,2023,22-33,193,15,3,12,0,0,0,0,DB,ARIATLBALMIANWE,BethJu00
206,Joel Bitonio,0,CLE,2,35,2014,Nevada,2014,2024,23-33,161,161,6,11,0,0,0,0,LG,CLE,BitoJo00
207,Joey Bosa,0,SDG,1,3,2016,Ohio State,2016,2024,21-29,107,93,4,9,0,0,0,0,LDE,LACSDG,BosaJo00
208,James Bradberry,0,CAR,2,62,2016,Samford,2016,2023,23-30,125,124,1,8,0,0,0,0,LCB,CARNYGPHI,BradJa00
209,Duane Brown,0,HOU,1,26,2008,Virginia Tech,2010,2023,25-38,188,186,5,16,0,0,0,0,LT,HOUNYJSEA,BrowDu20
210,Orlando Brown Jr.,0,BAL,3,83,2018,Oklahoma,2018,2024,22-28,109,103,4,7,0,0,0,0,LT/RT,BALCINKAN,BrowOr00
211,Trent Brown,0,SFO,7,244,2015,Florida,2015,2024,22-31,103,96,1,10,0,0,0,0,T,CINLVRNWEOAKSFO,BrowTr02
212,DeForest Buckner,0,SFO,1,7,2016,Oregon,2016,2024,22-30,141,136,3,9,0,0,0,0,RDT,INDSFO,BuckDe00
213,Calais Campbell,0,ARI,2,50,2008,Miami (FL),2010,2024,24-38,229,227,6,17,0,0,0,0,LDE,ARIATLBALJAXMIA,CampCa99
214,Frank Clark,0,SEA,2,63,2015,Michigan,2015,2023,22-30,128,88,3,9,0,0,0,0,DE,DENKANSEA,ClarFr01
215,Kenny Clark,0,GNB,1,27,2016,UCLA,2016,2024,21-29,140,126,3,9,0,0,0,0,NT,GNB,ClarKe01
216,Jadeveon Clowney,0,HOU,1,1,2014,South Carolina,2014,2024,21-31,140,127,3,11,0,0,0,0,LB,BALCARCLEHOUSEATEN,ClowJa00
217,Fletcher Cox,0,PHI,1,12,2012,Mississippi State,2012,2023,22-33,188,182,6,12,0,0,0,0,RDT,PHI,CoxxFl00
218,Demario Davis,0,NYJ,3,77,2012,Arkansas State,2012,2024,23-35,210,196,2,13,0,0,0,0,LILB,CLENORNYJ,DaviDe00
219,Lavonte David,0,TAM,2,58,2012,Nebraska,2012,2024,22-34,198,198,1,13,0,0,0,0,RLB,TAM,DaviLa00
220,Quandre Diggs,0,DET,6,200,2015,Texas,2015,2024,22-31,145,120,3,10,0,0,0,0,DB,DETSEATEN,DiggQu00
221,Aaron Donald,0,STL,1,13,2014,Pittsburgh,2014,2023,23-32,154,150,10,10,0,0,0,0,RDT,LARSTL,DonaAa00
222,Tremaine Edmunds,0,BUF,1,16,2018,Virginia Tech,2018,2024,20-26,106,106,2,7,0,0,0,0,MLB,BUFCHI,EdmuTr01
223,Minkah Fitzpatrick,0,MIA,1,11,2018,Alabama,2018,2024,22-28,106,101,5,7,0,0,0,0,FS,MIAPIT,FitzMi00
224,Zaire Franklin,0,IND,7,235,2018,Syracuse,2018,2024,22-28,115,65,1,7,0,0,0,0,LB,IND,FranZa00
225,Myles Garrett,0,CLE,1,1,2017,Texas A&M,2017,2024,22-29,117,114,6,8,0,0,0,0,LDE,CLE,GarrMy00
226,Stephon Gilmore,0,BUF,1,10,2012,South Carolina,2012,2024,22-34,180,173,5,13,0,0,0,0,RCB,BUFCARDALINDMINNWE,GilmSt00
227,Brandon Graham,0,PHI,1,13,2010,Michigan,2010,2024,22-36,206,106,1,15,0,0,0,0,DE,PHI,GrahBr99
228,Shaquill Griffin,0,SEA,3,90,2017,UCF,2017,2024,22-29,106,82,1,8,0,0,0,0,RCB,CARHOUJAXMINSEA,GrifSh00
229,Javon Hargrave,0,PIT,3,89,2016,South Carolina State,2016,2024,23-31,130,115,2,9,0,0,0,0,NT,PHIPITSFO,HargJa00
230,Trey Hendrickson,0,NOR,3,103,2017,Florida Atlantic,2017,2024,23-30,110,81,4,8,0,0,0,0,LB,CINNOR,HendTr00
231,Cameron Heyward,0,PIT,1,31,2011,Ohio State,2011,2024,22-35,211,176,7,14,0,0,0,0,LDE,PIT,HeywCa01
232,Justin Houston,0,KAN,3,70,2011,Georgia,2011,2023,22-34,170,151,4,13,0,0,0,0,LB,BALCARINDKANMIA,HousJu00
233,Xavien Howard,0,MIA,2,38,2016,Baylor,2016,2023,23-30,100,99,4,8,0,0,0,0,LCB,MIA,HowaXa00
234,D.J. Humphries,0,ARI,1,24,2015,Florida,2016,2024,23-31,100,100,1,9,0,0,0,0,OL,ARIKAN,HumpD.00
235,Marlon Humphrey,0,BAL,1,16,2017,Alabama,2017,2024,21-28,116,98,4,8,0,0,0,0,DB,BAL,HumpMa00
236,Danielle Hunter,0,MIN,3,88,2015,Louisiana State,2015,2024,21-30,136,107,4,9,0,0,0,0,DE,HOUMIN,HuntDa01
237,Micah Hyde,0,GNB,5,159,2013,Iowa,2013,2023,23-32,158,128,1,11,0,0,0,0,SS,BUFGNB,HydeMi00
238,Melvin Ingram,0,SDG,1,18,2012,South Carolina,2012,2023,23-34,148,106,3,12,0,0,0,0,LB,KANLACMIAPITSDG,IngrMe00
239,Eddie Jackson,0,CHI,4,112,2017,Alabama,2017,2024,24-31,111,104,2,8,0,0,0,0,FS,BALCHILAC,JackEd01
240,Grady Jarrett,0,ATL,5,137,2015,Clemson,2015,2024,22-31,152,137,2,10,0,0,0,0,DT,ATL,JarrGr00
241,Chris Jones,0,KAN,2,37,2016,Mississippi State,2016,2024,22-30,138,117,6,9,0,0,0,0,RDE,KAN,JoneCh09
242,Deion Jones,0,ATL,2,52,2016,Louisiana State,2016,2024,22-30,111,91,1,9,0,0,0,0,RILB,ATLCARCLETAM,JoneDe01
243,Cameron Jordan,0,NOR,1,24,2011,California,2011,2024,22-35,226,225,8,14,0,0,0,0,LDE,NOR,JordCa00
244,Linval Joseph,0,NYG,2,46,2010,East Carolina,2010,2024,22-36,203,170,2,15,0,0,0,0,RDT,BUFDALLACMINNYGPHI,JoseLi99
245,Matt Judon,0,BAL,5,146,2016,Grand Valley State,2016,2024,24-32,131,97,4,9,0,0,0,0,ROLB,ATLBALNWE,JudoMa00
246,Jason Kelce,0,PHI,6,191,2011,Cincinnati,2011,2023,24-36,193,193,7,13,0,0,0,0,C,PHI,KelcJa00
247,Ryan Kelly,0,IND,1,18,2016,Alabama,2016,2024,23-31,121,121,4,9,0,1,0,0.01,C,IND,KellRy00
248,Eric Kendricks,0,MIN,2,45,2015,UCLA,2015,2024,23-32,147,142,1,10,0,0,0,0,RILB,DALLACMIN,KendEr00
249,Miles Killebrew,0,DET,4,111,2016,Southern Utah,2016,2024,23-31,146,5,1,9,0,0,0,0,DB,DETPIT,KillMi00
250,Marshon Lattimore,0,NOR,1,11,2017,Ohio State,2017,2024,21-28,99,99,4,8,0,0,0,0,RCB,NORWAS,LattMa01
251,DeMarcus Lawrence,0,DAL,2,34,2014,Boise State,2014,2024,22-32,141,123,4,11,0,0,0,0,LDE,DAL,LawrDe00
252,Charles Leno Jr.,0,CHI,7,246,2014,Boise State,2014,2023,23-32,149,141,1,10,0,0,0,0,LT,CHIWAS,LenoCh00
253,Corey Linsley,0,GNB,5,161,2014,Ohio State,2014,2023,23-32,132,132,1,10,0,0,0,0,C,GNBLAC,LinsCo00
254,Khalil Mack,0,OAK,1,5,2014,Buffalo,2014,2024,23-33,167,166,9,11,0,0,0,0,LOLB,CHILACOAK,MackKh00
255,Zack Martin,0,DAL,1,16,2014,Notre Dame,2014,2024,24-34,162,162,9,11,0,0,0,0,RG,DAL,MartZa00
256,Tyrann Mathieu,0,ARI,3,69,2013,Louisiana State,2013,2024,21-32,180,171,3,12,0,0,0,0,FS,ARIHOUKANNOR,MathTy00
257,Jake Matthews,0,ATL,1,6,2014,Texas A&M,2014,2024,22-32,179,179,1,11,0,0,0,0,LT,ATL,MattJa00
258,Matt Milano,0,BUF,5,163,2017,Boston College,2017,2024,23-30,94,78,1,8,0,0,0,0,RLB,BUF,MilaMa00
259,Von Miller,0,DEN,1,2,2011,Texas A&M,2011,2024,22-35,186,161,8,13,0,0,0,0,LB,BUFDENLAR,MillVo00
260,Mitch Morse,0,KAN,2,49,2015,Missouri,2015,2024,23-32,143,143,1,10,0,0,0,0,OL,BUFJAXKAN,MorsMi00
261,C.J. Mosley,0,BAL,1,17,2014,Alabama,2014,2024,22-32,133,132,5,10,0,0,0,0,LILB,BALNYJ,MoslC.00
262,Keanu Neal,0,ATL,1,17,2016,Florida,2016,2023,21-28,89,69,1,8,0,0,0,0,SS,ATLDALPITTAM,NealKe01
263,Quenton Nelson,0,IND,1,6,2018,Notre Dame,2018,2024,22-28,112,112,7,7,0,0,0,0,LG,IND,NelsQu00
264,Yannick Ngakoue,0,JAX,3,69,2016,Maryland,2016,2024,21-29,134,115,1,9,0,0,0,0,LB,BALCHIINDJAXLVRMINNWE,NgakYa00
265,Josh Norman,0,CAR,5,143,2012,Coastal Carolina,2012,2023,25-36,141,110,1,12,0,0,0,0,DB,BUFCARSFOWAS,NormJo01
266,Brian O'Neill,0,MIN,2,62,2018,Pittsburgh,2018,2024,23-29,110,106,1,7,0,0,0,0,RT,MIN,ONeiBr00
267,Daron Payne,0,WAS,1,13,2018,Alabama,2018,2024,21-27,115,109,1,7,0,0,0,0,RDT,WAS,PaynDa00
268,Andrus Peat,0,NOR,1,13,2015,Stanford,2015,2024,22-31,126,103,3,10,0,0,0,0,OL,LVRNOR,PeatAn00
269,Denzel Perryman,0,SDG,2,48,2015,Miami (FL),2015,2024,23-32,119,99,1,10,0,0,0,0,MLB,HOULACLVRSDG,PerrDe00
270,Marcus Peters,0,KAN,1,18,2015,Washington,2015,2023,22-30,116,115,3,8,0,0,0,0,LCB,BALKANLARLVR,PeteMa00
271,Jason Pierre-Paul,0,NYG,1,15,2010,South Florida,2010,2023,21-34,182,150,3,14,0,0,0,0,DE,BALMIANORNYGTAM,PierJa99
272,Frank Ragnow,0,DET,1,20,2018,Arkansas,2018,2024,22-28,96,96,4,7,0,0,0,0,C,DET,RagnFr00
273,Jalen Ramsey,0,JAX,1,5,2016,Florida State,2016,2024,22-30,135,134,7,9,0,0,0,0,RCB,JAXLARMIA,RamsJa00
274,Haason Reddick,0,ARI,1,13,2017,Temple,2017,2024,23-30,124,83,2,8,0,0,0,0,LLB,ARICARNYJPHI,ReddHa00
275,Brandon Scherff,0,WAS,1,5,2015,Iowa,2015,2024,24-33,140,140,5,10,0,0,0,0,RG,JAXWAS,ScheBr00
276,Justin Simmons,0,DEN,3,98,2016,Boston College,2016,2024,23-31,134,124,2,9,0,0,0,0,FS,ATLDEN,SimmJu00
277,Darius Slay,0,DET,2,36,2013,Mississippi State,2013,2024,22-33,177,167,6,12,0,0,0,0,LCB,DETPHI,SlayDa00
278,Harrison Smith,0,MIN,1,29,2012,Notre Dame,2012,2024,23-35,192,191,6,13,0,0,0,0,S,MIN,SmitHa00
279,Jaylon Smith,0,DAL,2,34,2016,Notre Dame,2017,2023,22-28,88,69,1,7,0,0,0,0,LB,DALGNBLVRNYG,SmitJa05
280,Roquan Smith,0,CHI,1,8,2018,Georgia,2018,2024,21-27,110,108,3,7,0,0,0,0,MLB,BALCHI,SmitRo07
281,Tyron Smith,0,DAL,1,9,2011,Southern California,2011,2024,21-34,171,171,8,14,0,0,0,0,OL,DALNYJ,SmitTy00
282,Za'Darius Smith,0,BAL,4,122,2015,Kentucky,2015,2024,23-32,140,96,3,10,0,0,0,0,DE,BALCLEDETGNBMIN,SmitZa00
283,Ronnie Stanley,0,BAL,1,6,2016,Notre Dame,2016,2024,22-30,104,104,1,9,0,0,0,0,LT,BAL,StanRo00
284,Josh Sweat,0,PHI,4,130,2018,Florida State,2018,2024,21-27,104,64,1,7,0,0,0,0,DE,PHI,SweaJo00
285,Wyatt Teller,0,BUF,5,166,2018,Virginia Tech,2018,2024,24-30,96,88,3,7,0,1,0,0.01,RG,BUFCLE,TellWy00
286,Joe Thuney,0,NWE,3,78,2016,NC State,2016,2024,24-32,146,146,3,9,0,0,0,0,G,KANNWE,ThunJo00
287,Laken Tomlinson,0,DET,1,28,2015,Duke,2015,2024,23-32,163,155,1,10,0,0,0,0,LG,DETNYJSEASFO,TomlLa01
288,Laremy Tunsil,0,MIA,1,13,2016,Ole Miss,2016,2024,22-30,125,125,5,9,0,0,0,0,T,HOUMIA,TunsLa00
289,Jason Verrett,0,SDG,1,25,2014,TCU,2014,2023,23-32,41,36,1,8,0,0,0,0,DB,LACSDGSFO,VerrJa00
290,Bobby Wagner,0,SEA,2,47,2012,Utah State,2012,2024,22-34,202,200,9,13,0,0,0,0,MLB,LARSEAWAS,WagnBo00
291,Denzel Ward,0,CLE,1,4,2018,Ohio State,2018,2024,21-27,95,92,4,7,0,0,0,0,CB,CLE,WardDe02
292,Fred Warner,0,SFO,3,70,2018,Brigham Young,2018,2024,22-28,115,115,4,7,0,0,0,0,MLB,SFO,WarnFr00
293,T.J. Watt,0,PIT,1,30,2017,Wisconsin,2017,2024,23-30,121,121,7,8,0,0,0,0,LB,PIT,WattT.00
294,Cody Whitehair,0,CHI,2,56,2016,Kansas State,2016,2024,24-32,136,121,1,9,0,0,0,0,C,CHILVR,WhitCo03
295,Tre'Davious White,0,BUF,1,27,2017,Louisiana State,2017,2024,22-29,93,86,2,8,0,0,0,0,LCB,BALBUFLAR,WhitTr01
296,Leonard Williams,0,NYJ,1,6,2015,Southern California,2015,2024,21-30,158,149,1,10,0,0,0,0,LDE,NYGNYJSEA,WillLe02
297,Trent Williams,0,WAS,1,4,2010,Oklahoma,2010,2024,22-36,188,187,11,14,0,0,0,0,LT,SFOWAS,WillTr21
298,Kevin Zeitler,0,CIN,1,27,2012,Wisconsin,2012,2024,22-34,198,197,1,13,0,1,0,0.01,RG,BALCINCLEDETNYG,ZeitKe00
299,Antonio Cromartie,-3.9,SDG,1,19,2006,Florida State,2010,2016,26-32,98,98,3,11,-3.9,-2.9,-0.04,-0.03,RCB,ARIINDNYJ,CromAn20
300,John Abraham,,NYJ,1,13,2000,South Carolina,2010,2014,32-36,63,57,2,15,,,,,ROLB,ARIATL,AbraJo00
301,Branden Albert,,KAN,1,15,2008,Virginia,2010,2016,26-32,91,89,2,9,,,,,LT,KANMIA,AlbeBr20
302,Jared Allen,,KAN,4,126,2004,Idaho State,2010,2015,28-33,94,94,2,12,,,,,RDE,CARCHIMIN,AlleJa22
303,Ezekiel Ansah,,DET,1,5,2013,Brigham Young,2013,2020,24-31,93,74,1,8,,,,,RDE,DETSEASFO,AnsaEz00
304,Nnamdi Asomugha,,OAK,1,31,2003,California,2010,2013,29-32,49,46,1,11,,,,,RCB,OAKPHISFO,AsomNn20
305,Geno Atkins,,CIN,4,120,2010,Georgia,2010,2020,22-32,161,134,8,11,,,,,DT,CIN,AtkiGe99
306,Cliff Avril,,DET,3,92,2008,Purdue,2010,2017,24-31,112,99,1,10,,,,,RDE,DETSEA,AvriCl99
307,Jason Babin,,HOU,1,27,2004,Western Michigan,2010,2015,30-35,82,68,2,12,,,,,DE,ARIBALJAXNYJPHITEN,BabiJa20
308,Champ Bailey,,WAS,1,7,1999,Georgia,2010,2013,32-35,49,46,3,15,,,,,LCB,DEN,BailCh00
309,Connor Barwin,,HOU,2,46,2009,Cincinnati,2010,2018,24-32,126,112,1,10,,,,,ROLB,HOULARNYGPHI,BarwCo99
310,Zane Beadles,,DEN,2,45,2010,Utah,2010,2018,24-32,137,120,1,9,,,,,LG,ATLDENJAXSFO,BeadZa20
311,Jon Beason,,CAR,1,25,2007,Miami (FL),2010,2015,25-30,45,42,1,9,,,,,LB,CARNYG,BeasJo99
312,Eric Berry,,KAN,1,5,2010,Tennessee,2010,2018,22-30,89,87,5,9,,,,,DB,KAN,BerrEr99
313,Antoine Bethea,,IND,6,207,2006,Howard,2010,2019,26-35,150,141,1,14,,,,,FS,ARIINDNYGSFO,BethAn20
314,NaVorro Bowman,,SFO,3,91,2010,Penn State,2010,2017,22-29,99,84,3,7,,,,,LILB,OAKSFO,BowmNa99
315,Lance Briggs,,CHI,3,68,2003,Arizona,2010,2014,30-34,64,64,2,12,,,,,LLB,CHI,BrigLa99
316,Ahmad Brooks,,CIN,3,1,2006,Virginia,2010,2017,26-33,118,97,1,11,,,,,LOLB,GNBSFO,BrooAh21
317,Brandon Brooks,,HOU,3,76,2012,Miami (OH),2012,2021,23-32,114,108,3,9,,,,,RG,HOUPHI,BrooBr00
318,Zach Brown,,TEN,2,52,2012,North Carolina,2012,2019,23-30,100,80,1,8,,,,,LB,BUFPHITENWAS,BrowZa00
319,Jermon Bushrod,,NOR,4,125,2007,Towson,2010,2018,26-34,127,114,2,12,,,,,LT,CHIMIANOR,BushJe20
320,Jairus Byrd,,BUF,2,42,2009,Oregon,2010,2017,24-31,104,86,2,9,,,,,FS,BUFCARNOR,ByrdJa99
321,Andre Carter,,SFO,1,7,2001,California,2010,2013,31-34,51,19,1,13,,,,,DE,NWEOAKWAS,CartAn20
322,Jurrell Casey,,TEN,3,77,2011,Southern California,2011,2020,22-31,142,140,5,10,,,,,RDE,DENTEN,CaseJu00
323,Kam Chancellor,,SEA,5,133,2010,Virginia Tech,2010,2017,22-29,109,93,4,8,,,,,DB,SEA,ChanKa99
324,Ryan Clady,,DEN,1,12,2008,Boise State,2010,2016,24-30,75,74,3,8,,,,,LT,DENNYJ,CladRy20
325,Chad Clifton,,GNB,2,44,2000,Tennessee,2010,2011,34-35,22,22,1,12,,,,,LT,GNB,ClifCh20
326,Ha Ha Clinton-Dix,,GNB,1,21,2014,Alabama,2014,2021,22-29,98,90,1,7,,,,,DB,CHIGNBLVRWAS,ClinHa00
327,Kurt Coleman,,PHI,7,244,2010,Ohio State,2010,2019,22-31,146,83,1,10,,,,,SS,BUFCARKANNORPHI,ColeKu99
328,Jamie Collins,,NWE,2,52,2013,Southern Mississippi,2013,2022,24-33,125,105,1,10,,,,,LLB,CLEDETNWE,CollJa00
329,Landon Collins,,NYG,2,33,2015,Alabama,2015,2022,21-28,100,95,3,8,,,,,FS,NYGWAS,CollLa00
330,Nick Collins,,GNB,2,51,2005,Bethune-Cookman,2010,2011,27-28,18,18,1,7,,,,,FS,GNB,CollNi20
331,Mike Daniels,,GNB,4,132,2012,Iowa,2012,2021,23-32,124,86,1,10,,,,,LDT,CINDETGNB,DaniMi00
332,Marcell Dareus,,BUF,1,3,2011,Alabama,2011,2019,21-29,121,107,2,9,,,,,LDT/RDT,BUFJAX,DareMa00
333,Thomas Davis,,CAR,1,14,2005,Georgia,2011,2020,28-37,130,120,3,15,,,,,LB,CARLACWAS,DaviTh20
334,Vontae Davis,,MIA,1,25,2009,Illinois,2010,2018,22-30,105,104,2,10,,,,,LCB,BUFINDMIA,DaviVo99
335,Brian Dawkins,,PHI,2,61,1996,Clemson,2010,2011,37-38,25,23,1,16,,,,,SS,DEN,DawkBr00
336,David DeCastro,,PIT,1,24,2012,Stanford,2012,2020,22-30,125,124,6,9,,,,,RG,PIT,DeCaDa00
337,Thomas DeCoud,,ATL,3,98,2008,California,2010,2014,25-29,78,73,1,7,,,,,FS,ATLCAR,DeCoTh99
338,Zak DeOssie,,NYG,4,116,2007,Brown,2010,2019,26-35,151,0,1,13,,,,,LB,NYG,DeOsZa99
339,Darnell Dockett,,ARI,3,64,2004,Florida State,2010,2013,29-32,62,61,1,10,,,,,RDE,ARI,DockDa20
340,Elvis Dumervil,,DEN,4,126,2006,Louisville,2011,2017,27-33,101,54,4,11,,,,,DE,BALDENSFO,DumeEl20
341,Carlos Dunlap,,CIN,2,54,2010,Florida,2010,2022,21-33,197,125,2,13,,,,,LDE,CINKANSEA,DunlCa99
342,Jahri Evans,,NOR,4,108,2006,Bloomsburg,2010,2017,27-34,119,119,5,12,,,,,RG,GNBNOR,EvanJa21
343,D'Brickashaw Ferguson,,NYJ,1,4,2006,Virginia,2010,2015,27-32,96,96,2,10,,,,,LT,NYJ,FergDB20
344,Brandon Fields,,MIA,7,225,2007,Michigan State,2010,2015,26-31,82,0,1,9,,,,,P,MIANOR,FielBr20
345,Brandon Flowers,,KAN,2,35,2008,Virginia Tech,2010,2016,24-30,90,89,1,9,,,,,LCB,KANSDG,FlowBr99
346,Dee Ford,,KAN,1,23,2014,Auburn,2014,2021,23-30,85,43,1,8,,,,,LB,KANSFO,FordDe00
347,Dwight Freeney,,IND,1,11,2002,Syracuse,2010,2017,30-37,101,59,2,16,,,,,RDE,ARIATLDETINDSDGSEA,FreeDw00
348,Kyle Fuller,,CHI,1,14,2014,Virginia Tech,2014,2022,22-30,113,105,2,8,,,,,RCB,BALCHIDEN,FullKy00
349,Corey Graham,,CHI,5,168,2007,New Hampshire,2010,2018,25-33,139,64,1,12,,,,,SS,BALBUFCHIPHI,GrahCo99
350,Chad Greenway,,MIN,1,17,2006,Iowa,2010,2016,27-33,108,97,2,10,,,,,LLB,MIN,GreeCh99
351,Everson Griffen,,MIN,4,100,2010,Southern California,2010,2021,23-34,170,96,4,12,,,,,DE,DALDETMIN,GrifEv99
352,Michael Griffin,,TEN,1,19,2007,Texas,2010,2016,25-31,106,98,1,10,,,,,FS,CARTEN,GrifMi99
353,Ben Grubbs,,BAL,1,29,2007,Auburn,2010,2015,26-31,81,81,2,9,,,,,LG,BALKANNOR,GrubBe20
354,Andre Gurode,,DAL,2,37,2002,Colorado,2010,2013,32-35,39,25,1,11,,,,,C,BALDALOAK,GuroAn20
355,Joe Haden,,CLE,1,7,2010,Florida,2010,2021,21-32,158,148,3,12,,,,,LCB,CLEPIT,HadeJo99
356,Tamba Hali,,KAN,1,20,2006,Penn State,2010,2017,27-34,114,94,5,12,,,,,LB,KAN,HaliTa20
357,DeAngelo Hall,,ATL,1,8,2004,Virginia Tech,2010,2017,27-34,86,79,1,14,,,,,DB,WAS,HallDe99
358,Roman Harper,,NOR,2,43,2006,Alabama,2010,2016,28-34,104,88,1,11,,,,,SS,CARNOR,HarpRo21
359,Clark Harris,,GNB,7,243,2007,Rutgers,2010,2022,26-38,191,0,1,15,,,,,TE,CIN,HarrCl20
360,Jason Hatcher,,DAL,3,92,2006,Grambling State,2010,2015,28-33,85,69,1,10,,,,,RDE,DALWAS,HatcJa20
361,A.J. Hawk,,GNB,1,5,2006,Ohio State,2010,2016,26-32,95,85,1,11,,,,,LILB,ATLCINGNB,HawkA.20
362,Casey Hayward,,GNB,2,62,2012,Vanderbilt,2012,2022,23-33,152,118,2,11,,,,,DB,ATLGNBLACLVRSDG,HaywCa00
363,E.J. Henderson,,MIN,2,40,2003,Maryland,2010,2011,30-31,32,30,1,9,,,,,MLB,MIN,HendE.20
364,Dont'a Hightower,,NWE,1,25,2012,Alabama,2012,2021,22-31,117,114,2,9,,,,,ROLB,NWE,HighDo01
365,Kevin Huber,,CIN,5,142,2009,Cincinnati,2010,2022,25-37,200,0,1,14,,,,,P,CIN,HubeKe20
366,Rodney Hudson,,KAN,2,55,2011,Florida State,2011,2022,22-33,159,143,3,12,,,,,C,ARIKANLVROAK,HudsRo00
367,Richie Incognito,,STL,3,81,2005,Oregon,2010,2020,27-37,117,117,4,13,,,,,LG,BUFLVRMIAOAK,IncoRi20
368,D'Qwell Jackson,,CLE,2,34,2006,Maryland,2011,2016,28-33,92,92,1,10,,,,,RILB,CLEIND,JackDQ20
369,Malik Jackson,,DEN,5,137,2012,Tennessee,2012,2021,22-31,142,89,1,10,,,,,DT,CLEDENJAXPHI,JackMa02
370,Jackrabbit Jenkins,,STL,2,39,2012,North Alabama,2012,2022,24-34,144,138,1,11,,,,,RCB,NORNYGSFOSTLTEN,JenkJa03
371,Malcolm Jenkins,,NOR,1,14,2009,Ohio State,2010,2021,23-34,185,185,3,13,,,,,FS,NORPHI,JenkMa99
372,Brian Jennings,,SFO,7,230,2000,Arizona State,2010,2012,34-36,48,0,1,13,,,,,LS,SFO,JennBr00
373,Tim Jennings,,IND,2,62,2006,Georgia,2010,2015,27-32,84,77,2,10,,,,,DB,CHITAM,JennTi20
374,Ryan Jensen,,BAL,6,203,2013,CSU Pueblo,2014,2022,23-31,100,90,1,9,,,,,C,BALTAM,JensRy00
375,Derrick Johnson,,KAN,1,15,2005,Texas,2010,2018,28-36,114,109,4,14,,,,,LB,KANOAK,JohnDe25
376,Ben Jones,,HOU,4,99,2012,Georgia,2012,2022,23-33,172,151,1,11,,,,,C,HOUTEN,JoneBe01
377,Byron Jones,,DAL,1,27,2015,Connecticut,2015,2021,23-29,109,103,1,7,,,,,FS,DALMIA,JoneBy00
378,Chandler Jones,,NWE,1,21,2012,Syracuse,2012,2022,22-32,154,151,4,11,,,,,LOLB,ARILVRNWE,JoneCh03
379,Adam Jones,,TEN,1,6,2005,West Virginia,2010,2018,27-35,107,70,1,12,,,,,RCB,CINDEN,JonePa20
380,Reshad Jones,,MIA,5,163,2010,Georgia,2010,2019,22-31,128,113,2,10,,,,,FS,MIA,JoneRe99
381,Davin Joseph,,TAM,1,23,2006,Oklahoma,2010,2014,27-31,59,56,1,8,,,,,RG,STLTAM,JoseDa20
382,Johnathan Joseph,,CIN,1,24,2006,South Carolina,2010,2020,26-36,156,146,2,15,,,,,LCB,ARICINHOUTEN,JoseJo20
383,Ryan Kalil,,CAR,2,59,2007,Southern California,2010,2019,25-34,121,121,4,13,,,,,C,CARNYJ,KaliRy20
384,Brett Keisel,,PIT,7,242,2002,Brigham Young,2010,2014,32-36,65,57,1,12,,,,,RDE,PIT,KeisBr20
385,Ryan Kerrigan,,WAS,1,16,2011,Purdue,2011,2021,23-33,172,143,4,11,,,,,ROLB,PHIWAS,KerrRy00
386,Luke Kuechly,,CAR,1,9,2012,Boston College,2012,2019,21-28,118,118,7,8,,,,,MLB,CAR,KuecLu00
387,LaRon Landry,,WAS,1,6,2007,Louisiana State,2010,2014,26-30,56,50,1,8,,,,,SS,INDNYJWAS,LandLa99
388,T.J. Lang,,GNB,4,109,2009,Eastern Michigan,2010,2018,23-31,122,110,2,10,,,,,RG,DETGNB,LangT.20
389,Sean Lee,,DAL,2,55,2010,Penn State,2010,2020,24-34,118,92,2,10,,,,,RILB,DAL,LeexSe99
390,Ray Lewis,,BAL,1,26,1996,Miami (FL),2010,2012,35-37,34,34,2,17,,,,,RILB,BAL,LewiRa00
391,Matt Light,,NWE,2,48,2001,Purdue,2010,2011,32-33,31,31,1,11,,,,,LT,NWE,LighMa20
392,Jake Long,,MIA,1,1,2008,Michigan,2010,2016,25-31,72,67,2,9,,,,,LT,ATLMIAMINSTL,LongJa20
393,Kyle Long,,CHI,1,20,2013,Oregon,2013,2019,25-31,77,76,3,7,,,,,RG,CHI,LongKy00
394,Alex Mack,,CLE,1,21,2009,California,2010,2021,25-36,180,180,7,13,,,,,C,ATLCLESFO,MackAl20
395,Nick Mangold,,NYJ,1,29,2006,Ohio State,2010,2016,26-32,100,100,5,11,,,,,C,NYJ,MangNi20
396,Logan Mankins,,NWE,1,32,2005,Fresno State,2010,2015,28-33,81,81,5,11,,,,,LG,NWETAM,MankLo20
397,Ali Marpet,,TAM,2,61,2015,Hobart,2015,2021,22-28,101,101,1,7,,,,,RG,TAM,MarpAl00
398,Evan Mathis,,CAR,3,79,2005,Alabama,2010,2016,29-35,88,72,2,12,,,,,G,ARICINDENPHI,MathEv20
399,Robert Mathis,,IND,5,138,2003,Alabama A&M,2010,2016,29-35,89,81,3,13,,,,,LDE,IND,MathRo20
400,Clay Matthews,,GNB,1,26,2009,Southern California,2010,2019,24-33,140,137,5,11,,,,,ROLB,GNBLAR,MattCl99
401,Jerod Mayo,,NWE,1,10,2008,Tennessee,2010,2015,24-29,74,65,8,2,,,,,LLB,NWE,MayoJe99
402,Devin McCourty,,NWE,1,27,2010,Rutgers,2010,2022,23-35,205,205,13,2,,,,,FS,NWE,McCoDe99
403,Gerald McCoy,,TAM,1,3,2010,Oklahoma,2010,2021,22-33,140,139,11,6,,,,,DT,CARLVRTAM,McCoGe99
404,Benardrick McKinney,,HOU,2,43,2015,Mississippi State,2015,2021,23-29,91,80,7,1,,,,,RILB,HOUNYG,McKiBe00
405,Brandon Meriweather,,NWE,1,24,2007,Miami (FL),2010,2015,26-31,64,53,9,1,,,,,DB,CHINWENYGWAS,MeriBr99
406,William Moore,,ATL,2,55,2009,Missouri,2010,2015,25-30,74,72,7,1,,,,,FS,ATL,MoorWi99
407,Chris Myers,,DEN,6,200,2005,Miami (FL),2010,2014,29-33,80,80,10,2,,,,,C,HOU,MyerCh20
408,Reggie Nelson,,JAX,1,21,2007,Florida,2010,2018,27-35,136,122,12,2,,,,,FS,CINOAK,NelsRe99
409,Haloti Ngata,,BAL,1,12,2006,Oregon,2010,2018,26-34,118,113,13,4,,,,,RDT,BALDETPHI,NgatHa20
410,Russell Okung,,SEA,1,6,2010,Oklahoma State,2010,2020,22-32,131,131,11,2,,,,,LT,CARDENLACSEA,OkunRu20
411,Brian Orakpo,,WAS,1,13,2009,Texas,2010,2018,24-32,116,116,10,3,,,,,ROLB,TENWAS,OrakBr99
412,Kelechi Osemele,,BAL,2,60,2012,Iowa State,2012,2020,23-31,101,101,9,2,,,,,LG,BALKANNYJOAK,OsemKe00
413,Julius Peppers,,CAR,1,2,2002,North Carolina,2010,2018,30-38,144,120,17,4,,,,,RDE,CARCHIGNB,PeppJu99
414,Shaun Phillips,,SDG,4,98,2004,Purdue,2010,2014,29-33,76,57,11,1,,,,,LOLB,DENINDSDGTEN,PhilSh20
415,Troy Polamalu,,PIT,1,16,2003,Southern California,2010,2014,29-33,65,65,12,3,,,,,SS,PIT,PolaTr99
416,Bernard Pollard,,KAN,2,54,2006,Purdue,2010,2014,26-30,65,62,9,1,,,,,SS,BALHOUTEN,PollBe20
417,Paul Posluszny,,BUF,2,34,2007,Penn State,2010,2017,26-33,114,109,11,1,,,,,MLB,BUFJAX,PoluPa99
418,Maurkice Pouncey,,PIT,1,18,2010,Florida,2010,2020,21-31,134,134,10,9,,,,,C,PIT,PounMa20
419,Mike Pouncey,,MIA,1,15,2011,Florida,2011,2019,22-30,114,114,9,4,,,,,C,LACMIA,PounMi00
420,Glover Quin,,HOU,4,112,2009,New Mexico,2010,2018,24-32,144,144,10,1,,,,,FS,DETHOU,QuinGl99
421,Robert Quinn,,STL,1,14,2011,North Carolina,2011,2022,21-32,169,142,12,3,,,,,RDE,CHIDALLARMIAPHISTL,QuinRo00
422,Jay Ratliff,,DAL,7,224,2005,Auburn,2010,2015,29-34,56,55,11,2,,,,,NT,CHIDAL,RatlJa20
423,Ed Reed,,BAL,1,24,2002,Miami (FL),2010,2013,32-35,56,52,12,3,,,,,FS,BALHOUNYJ,ReedEd00
424,Eric Reid,,SFO,1,18,2013,Louisiana State,2013,2019,22-28,99,98,7,1,,,,,FS,CARSFO,ReidEr00
425,Darrelle Revis,,NYJ,1,14,2007,Pittsburgh,2010,2017,25-32,97,94,11,5,,,,,RCB,KANNWENYJTAM,ReviDa99
426,Xavier Rhodes,,MIN,1,25,2013,Florida State,2013,2022,23-32,135,127,10,3,,,,,RCB,BUFDALINDMIN,RhodXa00
427,Dominique Rodgers-Cromartie,,ARI,1,16,2008,Tennessee State,2010,2019,24-33,130,94,12,1,,,,,CB,ARIDENNYGOAKPHIWAS,RodgDo99
428,Carlos Rogers,,WAS,1,9,2005,Auburn,2010,2014,29-33,67,67,10,1,,,,,LCB,OAKSFOWAS,RogeCa20
429,Antrel Rolle,,ARI,1,8,2005,Miami (FL),2010,2015,28-33,87,87,11,2,,,,,FS,CHINYG,RollAn20
430,Rodger Saffold,,STL,2,33,2010,Indiana,2010,2022,22-34,176,173,13,2,,,,,LG,BUFLARSTLTEN,SaffRo20
431,Asante Samuel,,NWE,4,120,2003,UCF,2010,2013,29-32,51,49,11,1,,,,,LCB,ATLPHI,SamuAs20
432,Joe Schobert,,CLE,4,99,2016,Wisconsin,2016,2022,23-29,99,81,7,1,,,,,LB,CLEJAXPITTEN,SchoJo00
433,Richard Seymour,,NWE,1,6,2001,Georgia,2010,2012,31-33,37,36,12,2,,,,,LDT,OAK,SeymRi00
434,Richard Sherman,,SEA,5,154,2011,Stanford,2011,2021,23-33,144,136,11,5,,,,,DB,SEASFOTAM,SherRi00
435,Kawann Short,,CAR,2,44,2013,Purdue,2013,2020,24-31,99,76,8,2,,,,,DT,CAR,ShorKa00
436,Josh Sitton,,GNB,4,135,2008,UCF,2010,2018,24-32,121,120,11,4,,,,,RG,CHIGNBMIA,SittJo20
437,Antonio Smith,,ARI,5,135,2004,Oklahoma State,2010,2016,29-35,108,79,13,1,,,,,RDE,DENHOUOAK,SmitAn22
438,Justin Smith,,CIN,1,4,2001,Missouri,2010,2014,31-35,78,78,14,4,,,,,RDE,SFO,SmitJu20
439,Wade Smith,,MIA,3,78,2003,Memphis,2010,2014,29-33,69,64,11,1,,,,,LG,HOUPHI,SmitWa21
440,Chris Snee,,NYG,2,34,2004,Boston College,2010,2013,28-31,50,50,10,2,,,,,RG,NYG,SneeCh20
441,Paul Soliai,,MIA,4,108,2007,Utah,2010,2016,27-33,102,82,10,1,,,,,RDT,ATLCARMIA,SoliPa99
442,Anthony Spencer,,DAL,1,26,2007,Purdue,2010,2014,26-30,60,45,8,1,,,,,DE,DAL,SpenAn99
443,Randy Starks,,TEN,3,71,2004,Maryland,2010,2015,27-32,94,91,12,2,,,,,LDT,CLEMIA,StarRa20
444,Darrell Stuckey,,SDG,4,110,2010,Kansas,2010,2016,23-29,89,0,7,1,,,,,DB,SDG,StucDa20
445,Terrell Suggs,,BAL,1,10,2003,Arizona State,2010,2019,28-37,135,133,17,4,,,,,LOLB,ARIBALKAN,SuggTe99
446,Ndamukong Suh,,DET,1,2,2010,Nebraska,2010,2022,23-35,199,191,13,5,,,,,RDT,DETLARMIAPHITAM,SuhxNd99
447,Aqib Talib,,TAM,1,20,2008,Kansas,2010,2019,24-33,118,117,12,5,,,,,RCB,DENLARNWETAM,TaliAq99
448,Earl Thomas,,SEA,1,14,2010,Texas,2010,2019,21-30,140,140,10,7,,,,,FS,BALSEA,ThomEa99
449,Joe Thomas,,CLE,1,3,2007,Wisconsin,2010,2017,26-33,119,119,11,7,,,,,LT,CLE,ThomJo28
450,Charles Tillman,,CHI,2,35,2003,Louisiana,2010,2015,29-34,70,70,13,2,,,,,LCB,CARCHI,TillCh20
451,Lawrence Timmons,,PIT,1,15,2007,Florida State,2010,2017,24-31,126,125,11,1,,,,,RILB,MIAPIT,TimmLa99
452,Desmond Trufant,,ATL,1,22,2013,Washington,2013,2021,23-31,113,104,9,1,,,,,RCB,ATLDETLVRNOR,TrufDe00
453,Justin Tuck,,NYG,3,74,2005,Notre Dame,2010,2015,27-32,79,73,11,1,,,,,LDE,NYGOAK,TuckJu20
454,Trai Turner,,CAR,3,92,2014,Louisiana State,2014,2022,21-29,126,118,9,5,,,,,RG,CARLACPITWAS,TurnTr01
455,Max Unger,,SEA,2,49,2009,Oregon,2010,2018,24-32,114,114,10,3,,,,,C,NORSEA,UngeMa20
456,Brian Urlacher,,CHI,1,9,2000,New Mexico,2010,2012,32-34,44,44,13,2,,,,,MLB,CHI,UrlaBr00
457,Louis Vasquez,,SDG,3,78,2009,Texas Tech,2010,2015,23-28,88,87,7,1,,,,,RG,DENSDG,VasqLo20
458,Alterraun Verner,,TEN,4,104,2010,UCLA,2010,2017,22-29,125,72,8,1,,,,,DB,MIATAMTEN,VernAl99
459,Olivier Vernon,,MIA,3,72,2012,Miami (FL),2012,2020,22-30,127,108,9,1,,,,,RDE,CLEMIANYG,VernOl00
460,Jonathan Vilma,,NYJ,1,12,2004,Miami (FL),2010,2013,28-31,39,37,10,1,,,,,LB,NOR,VilmJo99
461,T.J. Ward,,CLE,2,38,2010,Oregon,2010,2017,24-31,107,99,8,3,,,,,DB,CLEDENTAM,WardT.99
462,DeMarcus Ware,,DAL,1,11,2005,Troy,2010,2016,28-34,98,94,12,5,,,,,ROLB,DALDEN,WareDe99
463,Larry Warford,,DET,3,65,2013,Kentucky,2013,2019,22-28,101,101,7,3,,,,,RG,DETNOR,WarfLa00
464,Scott Wells,,GNB,7,251,2004,Tennessee,2010,2014,29-33,67,67,11,1,,,,,C,GNBSTL,WellSc20
465,Donte Whitner,,BUF,1,8,2006,Ohio State,2010,2016,25-31,104,102,11,2,,,,,SS,BUFCLESFOWAS,WhitDo20
466,Vince Wilfork,,NWE,1,21,2004,Miami (FL),2010,2016,29-35,99,99,13,3,,,,,LDE,HOUNWE,WilfVi20
467,Muhammad Wilkerson,,NYJ,1,30,2011,Temple,2011,2018,22-29,108,104,8,1,,,,,RDE,GNBNYJ,WilkMu00
468,Brandon Williams,,BAL,3,94,2013,Missouri Southern State,2013,2022,24-33,128,114,10,1,,,,,DT,BALKAN,WillBr02
469,Kevin Williams,,MIN,1,9,2003,Oklahoma State,2010,2015,30-35,93,83,13,1,,,,,RDT,MINNORSEA,WillKe98
470,Mario Williams,,HOU,1,1,2006,NC State,2010,2016,25-31,94,86,11,2,,,,,RDE,BUFHOUMIA,WillMa22
471,Patrick Willis,,SFO,1,11,2007,Ole Miss,2010,2014,25-29,64,64,8,4,,,,,RILB,SFO,WillPa98
472,Adrian Wilson,,ARI,3,64,2001,NC State,2010,2012,31-33,47,46,12,2,,,,,SS,ARI,WilsAd99
473,Antoine Winfield,,BUF,1,23,1999,Ohio State,2010,2012,33-35,37,36,14,1,,,,,LCB,MIN,WinfAn20
474,Charles Woodson,,OAK,1,4,1998,Michigan,2010,2015,34-39,86,86,18,3,,,,,SS,GNBOAK,WoodCh00
475,Eric Wood,,BUF,1,28,2009,Louisville,2010,2017,24-31,110,110,9,1,,,,,RG,BUF,WoodEr20
476,K.J. Wright,,SEA,4,99,2011,Mississippi State,2011,2021,22-32,161,148,11,1,,,,,RLB,LVRSEA,WrigK.00
477,Marshal Yanda,,BAL,3,86,2007,Iowa,2010,2019,26-35,140,140,13,8,,,,,RG,BAL,YandMa20
478,Jeremy Zuttah,,TAM,3,83,2008,Rutgers,2010,2016,24-30,103,96,9,1,,,,,C,BALTAM,ZuttJe20
