Rk,Player,FantPt,Draft Team,Round,Pick,Draft Year,College,From,To,Age,G,GS,PB,FantPt,PPR,FantPt,PPR/G,Pos,Team
1,Aaron Rodgers,4181.2,GNB,1,24,2005,California,2010,2024,27-41,209,209,9,4181.2,4184.2,20.01,20.02,QB,"GNB,NYJ"
2,Tom Brady,3961.7,NWE,6,199,2000,Michigan,2010,2022,33-45,206,206,10,3961.7,3963.7,19.23,19.24,QB,"NWE,TAM"
3,Russell Wilson,3713.8,SEA,3,75,2012,Wisconsin,2012,2024,24-36,199,199,10,3713.8,3718.8,18.66,18.69,QB,"DEN,PIT,SEA"
4,Matthew Stafford,3578.3,DET,1,1,2009,Georgia,2010,2024,22-36,212,212,2,3578.3,3580.3,16.88,16.89,QB,"DET,LAR"
5,Matt Ryan,3452.6,ATL,1,3,2008,Boston College,2010,2022,25-37,204,204,4,3452.6,3453.6,16.92,16.93,QB,"ATL,IND"
6,Drew Brees,3306.5,SDG,2,32,2001,Purdue,2010,2020,31-41,165,165,9,3306.5,3309.5,20.04,20.06,QB,NOR
7,Philip Rivers,2871.7,NYG,1,4,2004,NC State,2010,2020,29-39,176,176,6,2871.7,2871.7,16.32,16.32,QB,"IND,LAC,SDG"
8,Cam Newton,2827.1,CAR,1,1,2011,Auburn,2011,2021,22-32,148,144,3,2827.1,2830.1,19.1,19.12,QB,"CAR,NWE"
9,Ben Roethlisberger,2794.4,PIT,1,11,2004,Miami (OH),2010,2021,28-39,162,161,5,2794.4,2795.4,17.25,17.26,QB,PIT
10,Kirk Cousins,2776.7,WAS,4,102,2012,Michigan State,2012,2024,24-36,164,159,4,2776.7,2777.7,16.93,16.94,QB,"ATL,MIN,WAS"
11,Andy Dalton,2540.1,CIN,2,35,2011,TCU,2011,2024,24-37,175,168,3,2540.1,2543.1,14.51,14.53,QB,"CAR,CHI,CIN,DAL,NOR"
12,Derek Carr,2538.6,OAK,2,36,2014,Fresno State,2014,2024,23-33,169,169,4,2538.6,2539.6,15.02,15.03,QB,"LVR,NOR,OAK"
13,Josh Allen,2461.5,BUF,1,7,2018,Wyoming,2018,2024,22-28,111,110,4,2461.5,2462.5,22.18,22.18,QB,BUF
14,Patrick Mahomes,2429.2,KAN,1,10,2017,Texas Tech,2017,2024,22-29,112,112,6,2429.2,2431.2,21.69,21.71,QB,KAN
15,Ryan Tannehill,2366.4,MIA,1,8,2012,Texas A&M,2012,2023,24-35,155,151,1,2366.4,2370.4,15.27,15.29,QB,"MIA,TEN"
16,Dak Prescott,2284.4,DAL,4,135,2016,Mississippi State,2016,2024,23-31,122,122,4,2284.4,2285.4,18.72,18.73,QB,DAL
17,Jared Goff,2202.7,LAR,1,1,2016,California,2016,2024,22-30,134,134,4,2202.7,2204.7,16.44,16.45,QB,"DET,LAR"
18,Eli Manning,2175.9,SDG,1,1,2004,Ole Miss,2010,2019,29-38,147,147,3,2175.9,2175.9,14.8,14.8,QB,NYG
19,Lamar Jackson,2143.7,BAL,1,32,2018,Louisville,2018,2024,21-27,103,94,4,2143.7,2143.7,20.81,20.81,QB,BAL
20,Derrick Henry,1975,TEN,2,45,2016,Alabama,2016,2024,22-30,136,105,5,1975,2149,14.52,15.8,RB,"BAL,TEN"
21,Alex Smith,1942.2,SFO,1,1,2005,Utah,2010,2020,26-36,131,127,3,1942.2,1944.2,14.83,14.84,QB,"KAN,SFO,WAS"
22,Mike Evans,1909.4,TAM,1,7,2014,Texas A&M,2014,2024,21-31,168,167,6,1909.4,2745.4,11.37,16.34,WR,TAM
23,LeSean McCoy,1891.5,PHI,2,53,2009,Pittsburgh,2010,2020,22-32,154,137,6,1891.5,2369.5,12.28,15.39,RB,"BUF,KAN,PHI,TAM"
24,Davante Adams,1806.3,GNB,2,53,2014,Fresno State,2014,2024,22-32,164,157,6,1806.3,2763.3,11.01,16.85,WR,"GNB,LVR,NYJ"
25,DeAndre Hopkins,1786.8,HOU,1,27,2013,Clemson,2013,2024,21-32,178,169,5,1786.8,2770.8,10.04,15.57,WR,"ARI,HOU,KAN,TEN"
26,Julio Jones,1776.6,ATL,1,6,2011,Alabama,2011,2023,22-34,166,153,7,1776.6,2690.6,10.7,16.21,WR,"ATL,PHI,TAM,TEN"
27,Antonio Brown,1767.3,PIT,6,195,2010,Central Michigan,2010,2021,22-33,146,110,7,1767.3,2695.3,12.1,18.46,WR,"NWE,PIT,TAM"
28,Tyreek Hill,1753.7,KAN,5,165,2016,West Alabama,2016,2024,22-30,141,123,8,1753.7,2551.7,12.44,18.1,WR,"KAN,MIA"
29,Ezekiel Elliott,1695,DAL,1,4,2016,Ohio State,2016,2024,21-29,135,109,3,1695,2063,12.56,15.28,RB,"DAL,NWE"
30,Adrian Peterson,1687.9,MIN,1,7,2007,Oklahoma,2010,2021,25-36,138,128,4,1687.9,1909.9,12.23,13.84,RB,"ARI,DET,MIN,NOR,SEA,TEN,WAS"
31,Andrew Luck,1686.2,IND,1,1,2012,Stanford,2012,2018,23-29,86,86,4,1686.2,1687.2,19.61,19.62,QB,IND
32,Travis Kelce,1680.8,KAN,3,63,2013,Cincinnati,2013,2024,24-35,175,168,10,1680.8,2684.8,9.6,15.34,TE,KAN
33,Alvin Kamara,1672.6,NOR,3,67,2017,Tennessee,2017,2024,22-29,115,84,5,1672.6,2245.6,14.54,19.53,RB,NOR
34,Baker Mayfield,1659.1,CLE,1,1,2018,Oklahoma,2018,2024,23-29,106,103,2,1659.1,1660.1,15.65,15.66,QB,"CAR,CLE,LAR,TAM"
35,Kyler Murray,1608.6,ARI,1,1,2019,Oklahoma,2019,2024,22-27,82,82,2,1608.6,1608.6,19.62,19.62,QB,ARI
36,Frank Gore,1595.3,SFO,3,65,2005,Miami (FL),2010,2020,27-37,168,158,3,1595.3,1855.3,9.5,11.04,RB,"BUF,IND,MIA,NYJ,SFO"
37,Christian McCaffrey,1574.7,CAR,1,8,2017,Stanford,2017,2024,21-28,95,88,3,1574.7,2098.7,16.58,22.09,RB,"CAR,SFO"
38,Carson Wentz,1563.3,PHI,1,2,2016,North Dakota State,2016,2024,24-32,98,94,1,1563.3,1565.3,15.95,15.97,QB,"IND,KAN,LAR,PHI,WAS"
39,Carson Palmer,1559.6,CIN,1,1,2003,Southern California,2010,2017,31-38,101,100,1,1559.6,1559.6,15.44,15.44,QB,"ARI,CIN,OAK"
40,Jameis Winston,1540.8,TAM,1,1,2015,Florida State,2015,2024,21-30,105,87,1,1540.8,1540.8,14.67,14.67,QB,"CLE,NOR,TAM"
41,Keenan Allen,1530.7,SDG,3,76,2013,California,2013,2024,21-32,154,149,6,1530.7,2504.7,9.94,16.26,WR,"CHI,LAC,SDG"
42,Justin Herbert,1511.5,LAC,1,6,2020,Oregon,2020,2024,22-26,79,79,1,1511.5,1514.5,19.13,19.17,QB,LAC
43,Greg Zuerlein,1507,STL,6,171,2012,Missouri Western State,2012,2024,25-37,192,0,1,1507,1507,7.85,7.85,K,"DAL,LAR,NYJ,STL"
44,Stefon Diggs,1488.6,MIN,5,146,2015,Maryland,2015,2024,22-31,144,136,4,1488.6,2345.6,10.34,16.29,WR,"BUF,HOU,MIN"
45,Rob Gronkowski,1482.8,NWE,2,42,2010,Arizona,2010,2021,21-32,143,128,5,1482.8,2103.8,10.37,14.71,TE,"NWE,TAM"
46,Matt Forte,1475.3,CHI,2,44,2008,Tulane,2010,2017,25-32,114,105,2,1475.3,1909.3,12.94,16.75,RB,"CHI,NYJ"
47,Jalen Hurts,1470.2,PHI,2,53,2020,Oklahoma,2020,2024,22-26,77,66,2,1470.2,1471.2,19.09,19.11,QB,PHI
48,A.J. Green,1468.7,CIN,1,4,2011,Georgia,2011,2022,23-34,158,144,7,1468.7,2195.7,9.3,13.9,WR,"ARI,CIN"
49,Mark Ingram,1457.6,NOR,1,28,2011,Alabama,2011,2022,22-33,156,100,3,1457.6,1760.6,9.34,11.29,RB,"BAL,HOU,NOR"
50,Deshaun Watson,1439,HOU,1,12,2017,Clemson,2017,2024,22-29,73,72,3,1439,1440,19.71,19.73,QB,"CLE,HOU"
51,Joe Mixon,1425.6,CIN,2,48,2017,Oklahoma,2017,2024,21-28,111,102,2,1425.6,1744.6,12.84,15.72,RB,"CIN,HOU"
52,Stephen Gostkowski,1418,NWE,4,118,2006,Memphis,2010,2020,26-36,155,0,3,1418,1418,9.15,9.15,K,"NWE,TEN"
53,Larry Fitzgerald,1413.9,ARI,1,3,2004,Pittsburgh,2010,2020,27-37,171,169,7,1413.9,2322.9,8.27,13.58,WR,ARI
54,Peyton Manning,1410.9,IND,1,1,1998,Tennessee,2010,2015,34-39,74,73,4,1410.9,1410.9,19.07,19.07,QB,"DEN,IND"
55,Amari Cooper,1389.4,OAK,1,4,2015,Alabama,2015,2024,21-30,154,143,5,1389.4,2100.4,9.02,13.64,WR,"BUF,CLE,DAL,OAK"
56,Jimmy Graham,1382.8,NOR,3,95,2010,Miami (FL),2010,2023,24-37,197,134,5,1382.8,2101.8,7.02,10.67,TE,"CHI,GNB,NOR,SEA"
57,Marshawn Lynch,1370.3,BUF,1,12,2007,California,2010,2019,24-33,108,101,4,1370.3,1564.3,12.69,14.48,RB,"BUF,OAK,SEA"
58,Joe Burrow,1358.6,CIN,1,1,2020,Louisiana State,2020,2024,24-28,69,69,2,1358.6,1358.6,19.69,19.69,QB,CIN
59,Aaron Jones,1356.2,GNB,5,182,2017,UTEP,2017,2024,23-30,114,102,1,1356.2,1679.2,11.9,14.73,RB,"GNB,MIN"
60,Demaryius Thomas,1338.9,DEN,1,22,2010,Georgia Tech,2010,2019,23-32,143,128,5,1338.9,2062.9,9.36,14.43,WR,"DEN,HOU,NYJ"
61,Saquon Barkley,1335.4,NYG,1,2,2018,Penn State,2018,2024,21-27,90,90,3,1335.4,1656.4,14.84,18.4,RB,"NYG,PHI"
62,T.Y. Hilton,1310.7,IND,3,92,2012,Florida International,2012,2022,23-33,146,121,4,1310.7,1948.7,8.98,13.35,WR,"DAL,IND"
63,Todd Gurley,1301.6,STL,1,10,2015,Georgia,2015,2020,21-26,88,87,3,1301.6,1544.6,14.79,17.55,RB,"ATL,LAR,STL"
64,Melvin Gordon,1291.6,SDG,1,15,2015,Wisconsin,2015,2023,22-30,112,94,2,1291.6,1603.6,11.53,14.32,RB,"BAL,DEN,LAC,SDG"
65,Le'Veon Bell,1286.3,PIT,2,48,2013,Michigan State,2013,2021,21-29,96,81,3,1286.3,1685.3,13.4,17.56,RB,"BAL,KAN,NYJ,PIT,TAM"
66,Tyler Lockett,1277.9,SEA,3,69,2015,Kansas State,2015,2024,23-32,161,134,1,1277.9,1938.9,7.94,12.04,WR,SEA
67,Emmanuel Sanders,1263.8,PIT,3,82,2010,SMU,2010,2021,23-34,172,122,2,1263.8,1967.8,7.35,11.44,WR,"BUF,DEN,NOR,PIT,SFO"
68,DeMarco Murray,1244.3,DAL,3,71,2011,Oklahoma,2011,2017,23-29,99,86,3,1244.3,1551.3,12.57,15.67,RB,"DAL,PHI,TEN"
69,James Conner,1236.7,PIT,3,105,2017,Pittsburgh,2017,2024,22-29,107,81,2,1236.7,1517.7,11.56,14.18,RB,"ARI,PIT"
70,DeSean Jackson,1236.5,PHI,2,49,2008,California,2010,2022,24-36,152,129,2,1236.5,1753.5,8.13,11.54,WR,"BAL,LAR,LVR,PHI,TAM,WAS"
71,Geno Smith,1232.2,NYJ,2,39,2013,West Virginia,2013,2024,23-34,94,83,2,1232.2,1234.2,13.11,13.13,QB,"LAC,NYG,NYJ,SEA"
72,Calvin Johnson,1221.1,DET,1,2,2007,Georgia Tech,2010,2015,25-30,90,90,6,1221.1,1759.1,13.57,19.55,WR,DET
73,Josh Jacobs,1218.4,OAK,1,24,2019,Alabama,2019,2024,21-26,90,89,3,1218.4,1451.4,13.54,16.13,RB,"GNB,LVR,OAK"
74,Dez Bryant,1202.7,DAL,1,24,2010,Oklahoma State,2010,2020,22-32,119,99,3,1202.7,1739.7,10.11,14.62,WR,"BAL,DAL"
75,Jordy Nelson,1193.9,GNB,2,36,2008,Kansas State,2010,2018,25-33,122,100,1,1193.9,1751.9,9.79,14.36,WR,"GNB,OAK"
76,Latavius Murray,1183.2,OAK,6,181,2013,UCF,2014,2023,24-33,151,80,1,1183.2,1422.2,7.84,9.42,RB,"BAL,BUF,DEN,MIN,NOR,OAK"
77,Odell Beckham Jr.,1179.4,NYG,1,12,2014,Louisiana State,2014,2024,22-32,119,97,3,1179.4,1754.4,9.91,14.74,WR,"BAL,CLE,LAR,MIA,NYG"
78,Brandon Marshall,1176.6,DEN,4,119,2006,UCF,2010,2018,26-34,118,113,4,1176.6,1819.6,9.97,15.42,WR,"CHI,MIA,NYG,NYJ,SEA"
79,Cooper Kupp,1137.5,LAR,3,69,2017,Eastern Washington,2017,2024,24-31,104,89,1,1137.5,1771.5,10.94,17.03,WR,LAR
80,Randall Cobb,1135.2,GNB,2,64,2011,Kentucky,2011,2023,21-33,166,88,1,1135.2,1765.2,6.84,10.63,WR,"DAL,GNB,HOU,NYJ"
81,Zach Ertz,1131.2,PHI,2,35,2013,Stanford,2013,2024,23-34,168,130,3,1131.2,1906.2,6.73,11.35,TE,"ARI,PHI,WAS"
82,Golden Tate,1127,SEA,2,60,2010,Notre Dame,2010,2020,22-32,160,114,1,1127,1822,7.04,11.39,WR,"DET,NYG,PHI,SEA"
83,Nick Chubb,1112.5,CLE,2,35,2018,Georgia,2018,2024,23-29,85,78,4,1112.5,1240.5,13.09,14.59,RB,CLE
84,Jamaal Charles,1111,KAN,3,73,2008,Texas,2010,2018,24-32,88,57,4,1111,1354,12.63,15.39,RB,"DEN,JAX,KAN"
85,Kareem Hunt,1107,KAN,3,86,2017,Toledo,2017,2024,22-29,104,46,1,1107,1356,10.64,13.04,RB,"CLE,KAN"
86,Dalvin Cook,1098.9,MIN,2,41,2017,Florida State,2017,2024,22-29,90,73,4,1098.9,1335.9,12.21,14.84,RB,"BAL,DAL,MIN,NYJ"
87,Jarvis Landry,1070.8,MIA,2,63,2014,Louisiana State,2014,2022,22-30,132,116,5,1070.8,1783.8,8.11,13.51,WR,"CLE,MIA,NOR"
88,Sam Darnold,1066.6,NYJ,1,3,2018,Southern California,2018,2024,21-27,83,73,1,1066.6,1066.6,12.85,12.85,QB,"CAR,MIN,NYJ,SFO"
89,Mike Wallace,1052.9,PIT,3,84,2009,Ole Miss,2010,2018,24-32,128,120,1,1052.9,1551.9,8.23,12.12,WR,"BAL,MIA,MIN,PHI,PIT"
90,Tyrod Taylor,1045.5,BAL,6,180,2011,Virginia Tech,2011,2024,22-35,94,58,1,1045.5,1047.5,11.12,11.14,QB,"BAL,BUF,CLE,HOU,LAC,NYG,NYJ"
91,Jonathan Taylor,1032.4,IND,2,41,2020,Wisconsin,2020,2024,21-25,67,61,2,1032.4,1173.4,15.41,17.51,RB,IND
92,David Johnson,1017.6,ARI,3,86,2015,Northern Iowa,2015,2022,24-31,92,63,1,1017.6,1294.6,11.06,14.07,RB,"ARI,HOU,NOR"
93,George Kittle,1013.1,SFO,5,146,2017,Iowa,2017,2024,24-31,113,105,6,1013.1,1551.1,8.97,13.73,TE,SFO
94,A.J. Brown,1005.6,TEN,2,51,2019,Ole Miss,2019,2024,22-27,90,82,3,1005.6,1451.6,11.17,16.13,WR,"PHI,TEN"
95,Tua Tagovailoa,999.3,MIA,1,5,2020,Alabama,2020,2024,22-26,64,62,1,999.3,999.3,15.61,15.61,QB,MIA
96,Justin Jefferson,998,MIN,1,22,2020,Louisiana State,2020,2024,21-25,77,74,4,998,1493,12.96,19.39,WR,MIN
97,Chris Johnson,994.9,TEN,1,24,2008,East Carolina,2010,2017,25-32,99,81,1,994.9,1208.9,10.05,12.21,RB,"ARI,NYJ,TEN"
98,Devonta Freeman,984.3,ATL,4,103,2014,Florida State,2014,2021,22-29,98,71,2,984.3,1282.3,10.04,13.08,RB,"ATL,BAL,NYG"
99,Jason Witten,984.1,DAL,3,69,2003,Tennessee,2010,2020,28-38,160,151,5,984.1,1689.1,6.15,10.56,TE,"DAL,LVR"
100,Alshon Jeffery,980.6,CHI,2,45,2012,South Carolina,2012,2020,22-30,109,97,1,980.6,1455.6,9,13.35,WR,"CHI,PHI"
101,Sebastian Janikowski,979,OAK,1,17,2000,Florida State,2010,2018,32-40,127,0,1,979,979,7.71,7.71,K,"OAK,SEA"
102,Greg Olsen,978.6,CHI,1,31,2007,Miami (FL),2010,2020,25-35,153,144,3,978.6,1567.6,6.4,10.25,TE,"CAR,CHI,SEA"
103,Chris Godwin,978,TAM,3,84,2017,Penn State,2017,2024,21-28,111,84,1,978,1557,8.81,14.03,WR,TAM
104,Jared Cook,976.3,TEN,3,89,2009,South Carolina,2010,2021,23-34,180,99,2,976.3,1520.3,5.42,8.45,TE,"GNB,LAC,NOR,OAK,STL,TEN"
105,Lamar Miller,969.5,MIA,4,97,2012,Miami (FL),2012,2020,21-29,106,89,1,969.5,1180.5,9.15,11.14,RB,"CHI,HOU,MIA"
106,Allen Robinson,968.8,JAX,2,61,2014,Penn State,2014,2024,21-31,139,122,1,968.8,1533.8,6.97,11.03,WR,"CHI,DET,JAX,LAR,PIT"
107,Teddy Bridgewater,959.7,MIN,1,32,2014,Louisville,2014,2024,22-32,79,65,1,959.7,959.7,12.15,12.15,QB,"CAR,DEN,DET,MIA,MIN,NOR"
108,Jake Elliott,958,CIN,5,153,2017,Memphis,2017,2024,22-29,130,0,1,958,958,7.37,7.37,K,PHI
109,CeeDee Lamb,922.7,DAL,1,17,2020,Oklahoma,2020,2024,21-25,81,76,4,922.7,1418.7,11.39,17.51,WR,DAL
110,Darren Sproles,920.5,SDG,4,130,2005,Kansas State,2010,2019,27-36,121,29,3,920.5,1386.5,7.61,11.46,RB,"NOR,PHI,SDG"
111,D.K. Metcalf,908.1,SEA,2,64,2019,Ole Miss,2019,2024,22-27,97,93,2,908.1,1346.1,9.36,13.88,WR,SEA
112,Trevor Lawrence,902.3,JAX,1,1,2021,Clemson,2021,2024,22-25,60,60,1,902.3,902.3,15.04,15.04,QB,JAX
113,Mitchell Trubisky,900,CHI,1,2,2017,North Carolina,2017,2024,23-30,78,57,1,900,900,11.54,11.54,QB,"BUF,CHI,PIT"
114,Ryan Mathews,881.2,SDG,1,12,2010,Fresno State,2010,2016,23-29,86,66,1,881.2,1060.2,10.25,12.33,RB,"PHI,SDG"
115,Terry McLaurin,875.2,WAS,3,76,2019,Ohio State,2019,2024,24-29,97,97,2,875.2,1335.2,9.02,13.76,WR,WAS
116,Michael Vick,870.2,ATL,1,1,2001,Virginia Tech,2010,2015,30-35,57,47,1,870.2,870.2,15.27,15.27,QB,"NYJ,PHI,PIT"
117,Alfred Morris,868.6,WAS,6,173,2012,Florida Atlantic,2012,2020,24-32,114,70,2,868.6,936.6,7.62,8.22,RB,"ARI,DAL,NYG,SFO,WAS"
118,Mark Andrews,864.3,BAL,3,86,2018,Oklahoma,2018,2024,23-29,104,55,3,864.3,1300.3,8.31,12.5,TE,BAL
119,Michael Thomas,864.1,NOR,2,47,2016,Ohio State,2016,2023,23-30,83,72,3,864.1,1429.1,10.41,17.22,WR,NOR
120,Nick Foles,858.8,PHI,3,88,2012,Arizona,2012,2022,23-33,71,58,1,858.8,859.8,12.1,12.11,QB,"CHI,IND,JAX,KAN,PHI,STL"
121,Ray Rice,852.6,BAL,2,55,2008,Rutgers,2010,2013,23-26,63,61,2,852.6,1110.6,13.53,17.63,RB,BAL
122,Jonathan Stewart,845.5,CAR,1,13,2008,Oregon,2010,2018,23-31,102,61,1,845.5,981.5,8.29,9.62,RB,"CAR,NYG"
123,Deebo Samuel,840.5,SFO,2,36,2019,South Carolina,2019,2024,23-28,81,73,1,840.5,1174.5,10.38,14.5,WR,SFO
124,Roddy White,831.7,ATL,1,27,2005,UAB,2010,2015,29-34,91,90,2,831.7,1324.7,9.14,14.56,WR,ATL
125,Cordarrelle Patterson,830.1,MIN,1,29,2013,Tennessee,2013,2024,22-33,183,61,4,830.1,1140.1,4.54,6.23,WR,"ATL,CHI,MIN,NWE,OAK,PIT"
126,Steve Smith Sr.,829.3,CAR,3,74,2001,Utah,2010,2016,31-37,98,98,1,829.3,1286.3,8.46,13.13,WR,"BAL,CAR"
127,Tony Pollard,827.7,DAL,4,128,2019,Memphis,2019,2024,22-27,95,39,1,827.7,1044.7,8.71,11,RB,"DAL,TEN"
128,Doug Martin,826.3,TAM,1,31,2012,Boise State,2012,2018,23-29,84,74,2,826.3,974.3,9.84,11.6,RB,"OAK,TAM"
129,Ja'Marr Chase,817.7,CIN,1,5,2021,Louisiana State,2021,2024,21-24,62,61,4,817.7,1212.7,13.19,19.56,WR,CIN
130,Steven Jackson,790.7,STL,1,24,2004,Oregon State,2010,2015,27-32,76,75,1,790.7,970.7,10.4,12.77,RB,"ATL,NWE,STL"
131,Matt Schaub,789.6,ATL,3,90,2004,Virginia,2010,2020,29-39,79,53,1,789.6,791.6,9.99,10.02,QB,"ATL,BAL,HOU,OAK"
132,Vernon Davis,788.4,SFO,1,6,2006,Maryland,2010,2019,26-35,142,125,1,788.4,1190.4,5.55,8.38,TE,"DEN,SFO,WAS"
133,Andre Johnson,787.5,HOU,1,3,2003,Miami (FL),2010,2016,29-35,91,85,3,787.5,1262.5,8.65,13.87,WR,"HOU,IND,TEN"
134,Kyle Rudolph,781.3,MIN,2,43,2011,Notre Dame,2011,2022,22-33,165,145,2,781.3,1263.3,4.74,7.66,TE,"MIN,NYG,TAM"
135,Vincent Jackson,768.5,SDG,2,61,2005,Northern Colorado,2010,2016,27-33,84,83,2,768.5,1110.5,9.15,13.22,WR,"SDG,TAM"
136,D'Andre Swift,766.6,DET,2,35,2020,Georgia,2020,2024,21-25,73,48,1,766.6,1003.6,10.5,13.75,RB,"CHI,DET,PHI"
137,Matt Gay,757,TAM,5,145,2019,Utah,2019,2024,25-30,90,0,1,757,757,8.41,8.41,K,"IND,LAR,TAM"
138,Gardner Minshew II,751.9,JAX,6,178,2019,Washington State,2019,2024,23-28,59,46,1,751.9,752.9,12.74,12.76,QB,"IND,JAX,LVR,PHI"
139,Najee Harris,744.3,PIT,1,24,2021,Alabama,2021,2024,23-26,68,68,1,744.3,924.3,10.95,13.59,RB,PIT
140,Delanie Walker,740.4,SFO,6,175,2006,Central Missouri,2010,2019,26-35,129,79,3,740.4,1190.4,5.74,9.23,TE,"SFO,TEN"
141,Jordan Howard,729.5,CHI,5,150,2016,Indiana,2016,2022,22-28,73,52,1,729.5,814.5,9.99,11.16,RB,"CHI,MIA,NOR,PHI"
142,Courtland Sutton,729.4,DEN,2,40,2018,SMU,2018,2024,23-29,98,82,1,729.4,1108.4,7.44,11.31,WR,DEN
143,JuJu Smith-Schuster,728.1,PIT,2,62,2017,Southern California,2017,2024,21-28,104,80,1,728.1,1176.1,7,11.31,WR,"KAN,NWE,PIT"
144,Miles Sanders,712.9,PHI,2,53,2019,Penn State,2019,2024,22-27,84,56,1,712.9,887.9,8.49,10.57,RB,"CAR,PHI"
145,Amon-Ra St. Brown,712,DET,4,112,2021,Southern California,2021,2024,22-25,66,58,3,712,1142,10.79,17.3,WR,DET
146,Robert Griffin III,703.7,WAS,1,2,2012,Baylor,2012,2020,22-30,56,42,1,703.7,703.7,12.57,12.57,QB,"BAL,CLE,WAS"
147,Blair Walsh,703,MIN,6,175,2012,Georgia,2012,2017,22-27,89,0,1,703,703,7.9,7.9,K,"MIN,SEA"
148,Maurice Jones-Drew,684.8,JAX,2,60,2006,UCLA,2010,2014,25-29,63,51,2,684.8,829.8,10.87,13.17,RB,"JAX,OAK"
149,Brock Purdy,668.8,SFO,7,262,2022,Iowa State,2022,2024,23-25,40,36,1,668.8,668.8,16.72,16.72,QB,SFO
150,Josh Brown,663,SEA,7,222,2003,Nebraska,2010,2016,31-37,89,0,1,663,663,7.45,7.45,K,"CIN,NYG,STL"
151,Diontae Johnson,657.8,PIT,3,66,2019,Toledo,2019,2024,23-28,89,75,1,657.8,1081.8,7.39,12.16,WR,"BAL,CAR,HOU,PIT"
152,Evan Engram,653.5,NYG,1,23,2017,Ole Miss,2017,2024,23-30,108,89,2,653.5,1149.5,6.05,10.64,TE,"JAX,NYG"
153,Greg Jennings,649.3,GNB,2,52,2006,Western Michigan,2010,2015,27-32,84,67,2,649.3,974.3,7.73,11.6,WR,"GNB,MIA,MIN"
154,Dwayne Bowe,627.8,KAN,1,23,2007,Louisiana State,2010,2015,26-31,82,72,1,627.8,961.8,7.66,11.73,WR,"CLE,KAN"
155,Matt Cassel,620.9,NWE,7,230,2005,Southern California,2010,2018,28-36,62,51,1,620.9,621.9,10.01,10.03,QB,"BUF,DAL,DET,KAN,MIN,TEN"
156,Eddie Lacy,620.1,GNB,2,61,2013,Alabama,2013,2017,23-27,60,51,1,620.1,727.1,10.34,12.12,RB,"GNB,SEA"
157,C.J. Spiller,615.5,BUF,1,9,2010,Clemson,2010,2017,23-30,90,38,1,615.5,813.5,6.84,9.04,RB,"BUF,KAN,NOR,NYJ,SEA"
158,Reggie Wayne,605.2,IND,1,30,2001,Miami (FL),2010,2014,32-36,70,69,2,605.2,999.2,8.65,14.27,WR,IND
159,Mac Jones,597.5,NWE,1,15,2021,Alabama,2021,2024,23-26,52,49,1,597.5,597.5,11.49,11.49,QB,"JAX,NWE"
160,Eric Ebron,595.1,DET,1,10,2014,North Carolina,2014,2021,21-28,106,59,1,595.1,946.1,5.61,8.93,TE,"DET,IND,PIT"
161,Austin Hooper,589.8,ATL,3,81,2016,Stanford,2016,2024,22-30,139,76,2,589.8,998.8,4.24,7.19,TE,"ATL,CLE,LVR,NWE,TEN"
162,Michael Turner,583.2,SDG,5,154,2004,Northern Illinois,2010,2012,28-30,48,46,1,583.2,631.2,12.15,13.15,RB,ATL
163,Martellus Bennett,572.1,DAL,2,61,2008,Texas A&M,2010,2017,23-30,114,94,1,572.1,970.1,5.02,8.51,TE,"CHI,DAL,GNB,NWE,NYG"
164,Josh Gordon,559.3,CLE,2,1,2012,Utah,2012,2022,21-31,77,63,1,559.3,811.3,7.26,10.54,WR,"CLE,KAN,NWE,SEA,TEN"
165,Marcedes Lewis,555.1,JAX,1,28,2006,UCLA,2010,2024,26-40,223,179,1,555.1,869.1,2.49,3.9,TE,"CHI,GNB,JAX"
166,David Njoku,554.3,CLE,1,29,2017,Miami (FL),2017,2024,21-28,106,77,1,554.3,905.3,5.23,8.54,TE,CLE
167,T.J. Hockenson,540.2,DET,1,8,2019,Iowa,2019,2024,22-27,82,69,2,540.2,922.2,6.59,11.25,TE,"DET,MIN"
168,Jermaine Gresham,537.2,CIN,1,21,2010,Oklahoma,2010,2018,22-30,132,118,2,537.2,914.2,4.07,6.93,TE,"ARI,CIN"
169,Darren Waller,531,BAL,6,204,2015,Georgia Tech,2015,2023,23-31,86,63,1,531,881,6.17,10.24,WR,"BAL,LVR,NYG,OAK"
170,Jerry Jeudy,528.5,DEN,1,15,2020,Alabama,2020,2024,21-25,74,60,1,528.5,829.5,7.14,11.21,WR,"CLE,DEN"
171,Jordan Reed,520,WAS,3,85,2013,Florida,2013,2020,23-30,75,36,1,520,875,6.93,11.67,TE,"SFO,WAS"
172,Justin Forsett,517.2,SEA,7,233,2008,California,2010,2016,25-31,92,35,1,517.2,686.2,5.62,7.46,RB,"BAL,DEN,DET,HOU,JAX,SEA"
173,Jonnu Smith,513.3,TEN,3,100,2017,Florida International,2017,2024,22-29,124,84,1,513.3,820.3,4.14,6.62,TE,"ATL,MIA,NWE,TEN"
174,James Cook,508.1,BUF,2,63,2022,Georgia,2022,2024,23-25,49,29,2,508.1,605.1,10.37,12.35,RB,BUF
175,Tony Gonzalez,508,KAN,1,13,1997,California,2010,2013,34-37,64,64,4,508,834,7.94,13.03,TE,ATL
176,Jahmyr Gibbs,501,DET,1,12,2023,Alabama,2023,2024,21-22,32,7,2,501,605,15.66,18.91,RB,DET
177,Kenny Golladay,498.7,DET,3,96,2017,Northern Illinois,2017,2022,24-29,73,57,1,498.7,724.7,6.83,9.93,WR,"DET,NYG"
178,C.J. Stroud,495.4,HOU,1,2,2023,Ohio State,2023,2024,22-23,32,32,1,495.4,496.4,15.48,15.51,QB,HOU
179,Brandon Lloyd,492.1,SFO,4,124,2003,Illinois,2010,2014,29-33,61,43,1,492.1,727.1,8.07,11.92,WR,"DEN,NWE,SFO,STL"
180,Heath Miller,491.6,PIT,1,30,2005,Virginia,2010,2015,28-33,90,90,1,491.6,839.6,5.46,9.33,TE,PIT
181,Kyren Williams,482.6,LAR,5,164,2022,Notre Dame,2022,2024,22-24,38,27,1,482.6,557.6,12.7,14.67,RB,LAR
182,Bijan Robinson,469,ATL,1,8,2023,Texas,2023,2024,21-22,34,33,1,469,588,13.79,17.29,RB,ATL
183,Julius Thomas,456.6,DEN,4,129,2011,Portland State,2011,2017,23-29,71,53,2,456.6,682.6,6.43,9.61,TE,"DEN,JAX,MIA"
184,DJ Chark,454,JAX,2,61,2018,Louisiana State,2018,2024,22-28,76,51,1,454,670,5.97,8.82,WR,"CAR,DET,JAX,LAC"
185,Owen Daniels,442,HOU,4,98,2006,Wisconsin,2010,2015,28-33,77,73,1,442,714,5.74,9.27,TE,"BAL,DEN,HOU"
186,Nico Collins,433.7,HOU,3,89,2021,Michigan,2021,2024,22-25,51,37,1,433.7,651.7,8.5,12.78,WR,HOU
187,Andre Roberts,425.9,ARI,3,88,2010,The Citadel,2010,2022,22-34,182,41,3,425.9,687.9,2.34,3.78,WR,"ARI,ATL,BUF,CAR,DET,HOU,LAC,NYJ,WAS"
188,Kyle Juszczyk,422.1,BAL,4,130,2013,Harvard,2013,2024,22-33,189,142,9,422.1,703.1,2.23,3.72,FB,"BAL,SFO"
189,Tyler Eifert,408.1,CIN,1,21,2013,Notre Dame,2013,2020,23-30,74,41,1,408.1,629.1,5.51,8.5,TE,"CIN,JAX"
190,Willis McGahee,389.4,BUF,1,23,2003,Miami (FL),2010,2013,29-32,52,31,1,389.4,449.4,7.49,8.64,RB,"BAL,CLE,DEN"
191,Hunter Renfrow,382.7,OAK,5,149,2019,Clemson,2019,2023,24-28,73,23,1,382.7,651.7,5.24,8.93,WR,"LVR,OAK"
192,Jay Ajayi,376.5,MIA,5,149,2015,Boise State,2015,2019,22-26,45,23,1,376.5,439.5,8.37,9.77,RB,"MIA,PHI"
193,Dawson Knox,367,BUF,3,96,2019,Ole Miss,2019,2024,23-28,85,71,1,367,560,4.32,6.59,TE,BUF
194,Mecole Hardman,363.2,KAN,2,56,2019,Georgia,2019,2024,21-26,80,28,1,363.2,541.2,4.54,6.77,WR,"KAN,NYJ"
195,Dexter McCluster,359.5,KAN,2,36,2010,Ole Miss,2010,2016,21-27,89,27,1,359.5,595.5,4.04,6.69,WR,"KAN,SDG,TEN"
196,Tarik Cohen,356.4,CHI,4,119,2017,North Carolina A&T,2017,2020,22-25,51,22,1,356.4,565.4,6.99,11.09,RB,CHI
197,Jayden Daniels,355.8,WAS,1,2,2024,Louisiana State,2024,2024,24,17,17,1,355.8,355.8,20.93,20.93,QB,WAS
198,Kyle Pitts,324.7,ATL,1,4,2021,Florida,2021,2024,21-24,61,55,1,324.7,520.7,5.32,8.54,TE,ATL
199,Puka Nacua,321.1,LAR,5,177,2023,Brigham Young,2023,2024,22-23,28,28,1,321.1,505.1,11.47,18.04,WR,LAR
200,Jacoby Jones,293.2,HOU,3,73,2007,Lane,2010,2015,26-31,84,29,1,293.2,451.2,3.49,5.37,WR,"BAL,HOU,PIT,SDG"
401,Patrick Surtain II,0,DEN,1,9,2021,Alabama,2021,2024,21-24,66,65,3,0,0,0,0,CB,DEN
402,Josh Sweat,0,PHI,4,130,2018,Florida State,2018,2024,21-27,104,64,1,0,0,0,0,DE,PHI
403,Montez Sweat,0,WAS,1,26,2019,Mississippi State,2019,2024,23-28,92,92,1,0,0,0,0,LDE,"CHI,WAS"
404,Wyatt Teller,0,BUF,5,166,2018,Virginia Tech,2018,2024,24-30,96,88,3,0,1,0,0.01,RG,"BUF,CLE"
405,Joe Thuney,0,NWE,3,78,2016,NC State,2016,2024,24-32,146,146,3,0,0,0,0,G,"KAN,NWE"
406,Laken Tomlinson,0,DET,1,28,2015,Duke,2015,2024,23-32,163,155,1,0,0,0,0,LG,"DET,NYJ,SEA,SFO"
407,Laremy Tunsil,0,MIA,1,13,2016,Ole Miss,2016,2024,22-30,125,125,5,0,0,0,0,T,"HOU,MIA"
408,Leighton Vander Esch,0,DAL,1,19,2018,Boise State,2018,2023,21-26,71,65,1,0,0,0,0,RLB,DAL
409,Andrew Van Ginkel,0,MIA,5,151,2019,Wisconsin,2019,2024,24-29,90,59,1,0,0,0,0,ROLB,"MIA,MIN"
410,Kyle Van Noy,0,DET,2,40,2014,Brigham Young,2014,2024,23-33,158,102,1,0,0,0,0,LILB,"BAL,DET,LAC,MIA,NWE"
411,Jason Verrett,0,SDG,1,25,2014,TCU,2014,2023,23-32,41,36,1,0,0,0,0,DB,"LAC,SDG,SFO"
412,Jared Verse,0,LAR,1,19,2024,Florida State,2024,2024,24,17,16,1,0,0,0,0,OLB,LAR
413,Bobby Wagner,0,SEA,2,47,2012,Utah State,2012,2024,22-34,202,200,10,0,0,0,0,MLB,"LAR,SEA,WAS"
414,Denzel Ward,0,CLE,1,4,2018,Ohio State,2018,2024,21-27,95,92,4,0,0,0,0,LCB,CLE
415,Fred Warner,0,SFO,3,70,2018,Brigham Young,2018,2024,22-28,115,115,4,0,0,0,0,MLB,SFO
416,T.J. Watt,0,PIT,1,30,2017,Wisconsin,2017,2024,23-30,121,121,7,0,0,0,0,ROLB,PIT
417,Cody Whitehair,0,CHI,2,56,2016,Kansas State,2016,2024,24-32,136,121,1,0,0,0,0,C,"CHI,LVR"
418,Devin White,0,TAM,1,5,2019,Louisiana State,2019,2024,21-26,83,76,1,0,0,0,0,LB,"HOU,TAM"
419,Tre'Davious White,0,BUF,1,27,2017,Louisiana State,2017,2024,22-29,93,86,2,0,0,0,0,RCB/LCB,"BAL,BUF,LAR"
420,Leonard Williams,0,NYJ,1,6,2015,Southern California,2015,2024,21-30,158,149,2,0,0,0,0,LDE,"NYG,NYJ,SEA"
421,Quinnen Williams,0,NYJ,1,3,2019,Alabama,2019,2024,22-27,90,86,3,0,0,0,0,RDE,NYJ
422,Trent Williams,0,WAS,1,4,2010,Oklahoma,2010,2024,22-36,188,187,11,0,0,0,0,T,"SFO,WAS"
423,Antoine Winfield Jr.,0,TAM,2,45,2020,Minnesota,2020,2024,22-26,68,68,1,0,0,0,0,SS,TAM
424,Devon Witherspoon,0,SEA,1,5,2023,Illinois,2023,2024,23-24,31,30,2,0,0,0,0,CB,SEA
425,Riq Woolen,0,SEA,5,153,2022,UTSA,2022,2024,23-25,48,46,1,0,0,0,0,CB,SEA
426,Chase Young,0,WAS,1,2,2020,Ohio State,2020,2024,21-25,60,32,1,0,0,0,0,DL,"NOR,SFO,WAS"
427,Kevin Zeitler,0,CIN,1,27,2012,Wisconsin,2012,2024,22-34,198,197,1,0,1,0,0.01,RG,"BAL,CIN,CLE,DET,NYG"
428,Antonio Cromartie,-3.9,SDG,1,19,2006,Florida State,2010,2016,26-32,98,98,3,-3.9,-2.9,-0.04,-0.03,RCB,"ARI,IND,NYJ"
429,John Abraham,,NYJ,1,13,2000,South Carolina,2010,2014,32-36,63,57,2,,,,,DE,"ARI,ATL"
430,Branden Albert,,KAN,1,15,2008,Virginia,2010,2016,26-32,91,89,2,,,,,LT,"KAN,MIA"
431,D.J. Alexander,,KAN,5,172,2015,Oregon State,2015,2019,24-28,61,1,1,,,,,LB,"JAX,KAN,PHI,SEA"
432,Jared Allen,,KAN,4,126,2004,Idaho State,2010,2015,28-33,94,94,2,,,,,RDE,"CAR,CHI,MIN"
433,Ezekiel Ansah,,DET,1,5,2013,Brigham Young,2013,2020,24-31,93,74,1,,,,,RDE,"DET,SEA,SFO"
434,Nnamdi Asomugha,,OAK,1,31,2003,California,2010,2013,29-32,49,46,1,,,,,RCB,"OAK,PHI,SFO"
435,Geno Atkins,,CIN,4,120,2010,Georgia,2010,2020,22-32,161,134,8,,,,,DT,CIN
436,Cliff Avril,,DET,3,92,2008,Purdue,2010,2017,24-31,112,99,1,,,,,DE,"DET,SEA"
437,Jason Babin,,HOU,1,27,2004,Western Michigan,2010,2015,30-35,82,68,2,,,,,LOLB,"ARI,BAL,JAX,NYJ,PHI,TEN"
438,Champ Bailey,,WAS,1,7,1999,Georgia,2010,2013,32-35,49,46,3,,,,,LCB,DEN
439,Connor Barwin,,HOU,2,46,2009,Cincinnati,2010,2018,24-32,126,112,1,,,,,ROLB,"HOU,LAR,NYG,PHI"
440,Zane Beadles,,DEN,2,45,2010,Utah,2010,2018,24-32,137,120,1,,,,,LG,"ATL,DEN,JAX,SFO"
441,Jon Beason,,CAR,1,25,2007,Miami (FL),2010,2015,25-30,45,42,1,,,,,LB,"CAR,NYG"
442,Vic Beasley,,ATL,1,8,2015,Clemson,2015,2020,23-28,88,60,1,,,,,LDE,"ATL,LVR,TEN"
443,Eric Berry,,KAN,1,5,2010,Tennessee,2010,2018,22-30,89,87,5,,,,,DB,KAN
444,Antoine Bethea,,IND,6,207,2006,Howard,2010,2019,26-35,150,141,1,,,,,FS,"ARI,IND,NYG,SFO"
445,NaVorro Bowman,,SFO,3,91,2010,Penn State,2010,2017,22-29,99,84,3,,,,,LILB,"OAK,SFO"
446,Lance Briggs,,CHI,3,68,2003,Arizona,2010,2014,30-34,64,64,2,,,,,LLB,CHI
447,Ahmad Brooks,,CIN,3,1,2006,Virginia,2010,2017,26-33,118,97,1,,,,,LOLB,"GNB,SFO"
448,Brandon Brooks,,HOU,3,76,2012,Miami (OH),2012,2021,23-32,114,108,3,,,,,G,"HOU,PHI"
449,Zach Brown,,TEN,2,52,2012,North Carolina,2012,2019,23-30,100,80,1,,,,,LB,"BUF,PHI,TEN,WAS"
450,Jermon Bushrod,,NOR,4,125,2007,Towson,2010,2018,26-34,127,114,2,,,,,LT,"CHI,MIA,NOR"
451,Jairus Byrd,,BUF,2,42,2009,Oregon,2010,2017,24-31,104,86,2,,,,,FS,"BUF,CAR,NOR"
452,Andre Carter,,SFO,1,7,2001,California,2010,2013,31-34,51,19,1,,,,,LOLB,"NWE,OAK,WAS"
453,Jurrell Casey,,TEN,3,77,2011,Southern California,2011,2020,22-31,142,140,5,,,,,RDT,"DEN,TEN"
454,Kam Chancellor,,SEA,5,133,2010,Virginia Tech,2010,2017,22-29,109,93,4,,,,,SS,SEA
455,Ryan Clady,,DEN,1,12,2008,Boise State,2010,2016,24-30,75,74,3,,,,,LT,"DEN,NYJ"
456,Chad Clifton,,GNB,2,44,2000,Tennessee,2010,2011,34-35,22,22,1,,,,,LT,GNB
457,Ha Ha Clinton-Dix,,GNB,1,21,2014,Alabama,2014,2021,22-29,98,90,1,,,,,DB,"CHI,GNB,LVR,WAS"
458,Kurt Coleman,,PHI,7,244,2010,Ohio State,2010,2019,22-31,146,83,1,,,,,SS,"BUF,CAR,KAN,NOR,PHI"
459,Jamie Collins,,NWE,2,52,2013,Southern Mississippi,2013,2022,24-33,125,105,1,,,,,LLB,"CLE,DET,NWE"
460,Landon Collins,,NYG,2,33,2015,Alabama,2015,2022,21-28,100,95,3,,,,,FS,"NYG,WAS"
461,Nick Collins,,GNB,2,51,2005,Bethune-Cookman,2010,2011,27-28,18,18,1,,,,,FS,GNB
462,Mike Daniels,,GNB,4,132,2012,Iowa,2012,2021,23-32,124,86,1,,,,,DT,"CIN,DET,GNB"
463,Marcell Dareus,,BUF,1,3,2011,Alabama,2011,2019,21-29,121,107,2,,,,,RDT,"BUF,JAX"
464,Thomas Davis,,CAR,1,14,2005,Georgia,2011,2020,28-37,130,120,3,,,,,LB,"CAR,LAC,WAS"
465,Vontae Davis,,MIA,1,25,2009,Illinois,2010,2018,22-30,105,104,2,,,,,LCB,"BUF,IND,MIA"
466,Brian Dawkins,,PHI,2,61,1996,Clemson,2010,2011,37-38,25,23,1,,,,,SS,DEN
467,David DeCastro,,PIT,1,24,2012,Stanford,2012,2020,22-30,125,124,6,,,,,RG,PIT
468,Thomas DeCoud,,ATL,3,98,2008,California,2010,2014,25-29,78,73,1,,,,,FS,"ATL,CAR"
469,Zak DeOssie,,NYG,4,116,2007,Brown,2010,2019,26-35,151,0,1,,,,,LB,NYG
470,Darnell Dockett,,ARI,3,64,2004,Florida State,2010,2013,29-32,62,61,1,,,,,RDE,ARI
471,Elvis Dumervil,,DEN,4,126,2006,Louisville,2011,2017,27-33,101,54,4,,,,,LB,"BAL,DEN,SFO"
472,Carlos Dunlap,,CIN,2,54,2010,Florida,2010,2022,21-33,197,125,2,,,,,DE,"CIN,KAN,SEA"
473,Jahri Evans,,NOR,4,108,2006,Bloomsburg,2010,2017,27-34,119,119,5,,,,,RG,"GNB,NOR"
474,D'Brickashaw Ferguson,,NYJ,1,4,2006,Virginia,2010,2015,27-32,96,96,2,,,,,LT,NYJ
475,Brandon Fields,,MIA,7,225,2007,Michigan State,2010,2015,26-31,82,0,1,,,,,P,"MIA,NOR"
476,Brandon Flowers,,KAN,2,35,2008,Virginia Tech,2010,2016,24-30,90,89,1,,,,,LCB,"KAN,SDG"
477,Dee Ford,,KAN,1,23,2014,Auburn,2014,2021,23-30,85,43,1,,,,,LB,"KAN,SFO"
478,Travis Frederick,,DAL,1,31,2013,Wisconsin,2013,2019,22-28,96,96,5,,,,,C,DAL
479,Dwight Freeney,,IND,1,11,2002,Syracuse,2010,2017,30-37,101,59,2,,,,,LOLB,"ARI,ATL,DET,IND,SDG,SEA"
480,Kyle Fuller,,CHI,1,14,2014,Virginia Tech,2014,2022,22-30,113,105,2,,,,,LCB,"BAL,CHI,DEN"
481,Corey Graham,,CHI,5,168,2007,New Hampshire,2010,2018,25-33,139,64,1,,,,,DB,"BAL,BUF,CHI,PHI"
482,Chad Greenway,,MIN,1,17,2006,Iowa,2010,2016,27-33,108,97,2,,,,,LLB,MIN
483,Everson Griffen,,MIN,4,100,2010,Southern California,2010,2021,23-34,170,96,4,,,,,DE,"DAL,DET,MIN"
484,Michael Griffin,,TEN,1,19,2007,Texas,2010,2016,25-31,106,98,1,,,,,FS,"CAR,TEN"
485,Ben Grubbs,,BAL,1,29,2007,Auburn,2010,2015,26-31,81,81,2,,,,,LG,"BAL,KAN,NOR"
486,Andre Gurode,,DAL,2,37,2002,Colorado,2010,2013,32-35,39,25,1,,,,,C,"BAL,DAL,OAK"
487,Joe Haden,,CLE,1,7,2010,Florida,2010,2021,21-32,158,148,3,,,,,LCB,"CLE,PIT"
488,Tamba Hali,,KAN,1,20,2006,Penn State,2010,2017,27-34,114,94,5,,,,,LB,KAN
489,DeAngelo Hall,,ATL,1,8,2004,Virginia Tech,2010,2017,27-34,86,79,1,,,,,SS,WAS
490,Greg Hardy,,CAR,6,175,2010,Ole Miss,2010,2015,22-27,75,52,1,,,,,RDE,"CAR,DAL"
491,Roman Harper,,NOR,2,43,2006,Alabama,2010,2016,28-34,104,88,1,,,,,SS,"CAR,NOR"
492,Clark Harris,,GNB,7,243,2007,Rutgers,2010,2022,26-38,191,0,1,,,,,TE,CIN
493,Jason Hatcher,,DAL,3,92,2006,Grambling State,2010,2015,28-33,85,69,1,,,,,RDE,"DAL,WAS"
494,A.J. Hawk,,GNB,1,5,2006,Ohio State,2010,2016,26-32,95,85,1,,,,,LILB,"ATL,CIN,GNB"
495,Casey Hayward,,GNB,2,62,2012,Vanderbilt,2012,2022,23-33,152,118,2,,,,,DB,"ATL,GNB,LAC,LVR,SDG"
496,E.J. Henderson,,MIN,2,40,2003,Maryland,2010,2011,30-31,32,30,1,,,,,MLB,MIN
497,Dont'a Hightower,,NWE,1,25,2012,Alabama,2012,2021,22-31,117,114,2,,,,,ROLB,NWE
498,Kevin Huber,,CIN,5,142,2009,Cincinnati,2010,2022,25-37,200,0,1,,,,,P,CIN
499,Rodney Hudson,,KAN,2,55,2011,Florida State,2011,2022,22-33,159,143,3,,,,,C,"ARI,KAN,LVR,OAK"
500,Richie Incognito,,STL,3,81,2005,Oregon,2010,2020,27-37,117,117,4,,,,,LG,"BUF,LVR,MIA,OAK"
501,D'Qwell Jackson,,CLE,2,34,2006,Maryland,2011,2016,28-33,92,92,1,,,,,LLB,"CLE,IND"
502,Malik Jackson,,DEN,5,137,2012,Tennessee,2012,2021,22-31,142,89,1,,,,,DT,"CLE,DEN,JAX,PHI"
503,Jackrabbit Jenkins,,STL,2,39,2012,North Alabama,2012,2022,24-34,144,138,1,,,,,RCB,"NOR,NYG,SFO,STL,TEN"
504,Malcolm Jenkins,,NOR,1,14,2009,Ohio State,2010,2021,23-34,185,185,3,,,,,FS,"NOR,PHI"
505,Brian Jennings,,SFO,7,230,2000,Arizona State,2010,2012,34-36,48,0,1,,,,,LS,SFO
506,Tim Jennings,,IND,2,62,2006,Georgia,2010,2015,27-32,84,77,2,,,,,LCB,"CHI,TAM"
507,Ryan Jensen,,BAL,6,203,2013,CSU Pueblo,2014,2022,23-31,100,90,1,,,,,C,"BAL,TAM"
508,Derrick Johnson,,KAN,1,15,2005,Texas,2010,2018,28-36,114,109,4,,,,,LB,"KAN,OAK"
509,Ben Jones,,HOU,4,99,2012,Georgia,2012,2022,23-33,172,151,1,,,,,LG,"HOU,TEN"
510,Byron Jones,,DAL,1,27,2015,Connecticut,2015,2021,23-29,109,103,1,,,,,RCB,"DAL,MIA"
511,Chandler Jones,,NWE,1,21,2012,Syracuse,2012,2022,22-32,154,151,4,,,,,RDE,"ARI,LVR,NWE"
512,Adam Jones,,TEN,1,6,2005,West Virginia,2010,2018,27-35,107,70,1,,,,,DB,"CIN,DEN"
513,Reshad Jones,,MIA,5,163,2010,Georgia,2010,2019,22-31,128,113,2,,,,,FS,MIA
514,Davin Joseph,,TAM,1,23,2006,Oklahoma,2010,2014,27-31,59,56,1,,,,,RG,"STL,TAM"
515,Johnathan Joseph,,CIN,1,24,2006,South Carolina,2010,2020,26-36,156,146,2,,,,,RCB,"ARI,CIN,HOU,TEN"
516,Matt Kalil,,MIN,1,4,2012,Southern California,2012,2017,23-28,82,82,1,,,,,LT,"CAR,MIN"
517,Ryan Kalil,,CAR,2,59,2007,Southern California,2010,2019,25-34,121,121,4,,,,,C,"CAR,NYJ"
518,Brett Keisel,,PIT,7,242,2002,Brigham Young,2010,2014,32-36,65,57,1,,,,,RDE,PIT
519,Ryan Kerrigan,,WAS,1,16,2011,Purdue,2011,2021,23-33,172,143,4,,,,,ROLB,"PHI,WAS"
520,Luke Kuechly,,CAR,1,9,2012,Boston College,2012,2019,21-28,118,118,7,,,,,MLB,CAR
521,LaRon Landry,,WAS,1,6,2007,Louisiana State,2010,2014,26-30,56,50,1,,,,,SS,"IND,NYJ,WAS"
522,T.J. Lang,,GNB,4,109,2009,Eastern Michigan,2010,2018,23-31,122,110,2,,,,,LG,"DET,GNB"
523,Sean Lee,,DAL,2,55,2010,Penn State,2010,2020,24-34,118,92,2,,,,,LB,DAL
524,Ray Lewis,,BAL,1,26,1996,Miami (FL),2010,2012,35-37,34,34,2,,,,,RILB,BAL
525,Matt Light,,NWE,2,48,2001,Purdue,2010,2011,32-33,31,31,1,,,,,LT,NWE
526,Jake Long,,MIA,1,1,2008,Michigan,2010,2016,25-31,72,67,2,,,,,LT,"ATL,MIA,MIN,STL"
527,Kyle Long,,CHI,1,20,2013,Oregon,2013,2019,25-31,77,76,3,,,,,RG,CHI
528,Alex Mack,,CLE,1,21,2009,California,2010,2021,25-36,180,180,7,,,,,C,"ATL,CLE,SFO"
529,Nick Mangold,,NYJ,1,29,2006,Ohio State,2010,2016,26-32,100,100,5,,,,,C,NYJ
530,Logan Mankins,,NWE,1,32,2005,Fresno State,2010,2015,28-33,81,81,5,,,,,LG,"NWE,TAM"
531,Ali Marpet,,TAM,2,61,2015,Hobart,2015,2021,22-28,101,101,1,,,,,RG,TAM
532,Evan Mathis,,CAR,3,79,2005,Alabama,2010,2016,29-35,88,72,2,,,,,G,"ARI,CIN,DEN,PHI"
533,Robert Mathis,,IND,5,138,2003,Alabama A&M,2010,2016,29-35,89,81,3,,,,,RLB,IND
534,Clay Matthews,,GNB,1,26,2009,Southern California,2010,2019,24-33,140,137,5,,,,,ROLB,"GNB,LAR"
535,Jerod Mayo,,NWE,1,10,2008,Tennessee,2010,2015,24-29,74,65,2,,,,,MLB,NWE
536,Devin McCourty,,NWE,1,27,2010,Rutgers,2010,2022,23-35,205,205,2,,,,,FS,NWE
537,Gerald McCoy,,TAM,1,3,2010,Oklahoma,2010,2021,22-33,140,139,6,,,,,DT,"CAR,LVR,TAM"
538,Benardrick McKinney,,HOU,2,43,2015,Mississippi State,2015,2021,23-29,91,80,1,,,,,LB,"HOU,NYG"
539,Henry Melton,,CHI,4,105,2009,Texas,2010,2015,24-29,80,36,1,,,,,DE,"CHI,DAL,TAM"
540,Brandon Meriweather,,NWE,1,24,2007,Miami (FL),2010,2015,26-31,64,53,1,,,,,FS,"CHI,NWE,NYG,WAS"
541,William Moore,,ATL,2,55,2009,Missouri,2010,2015,25-30,74,72,1,,,,,FS,ATL
542,Chris Myers,,DEN,6,200,2005,Miami (FL),2010,2014,29-33,80,80,2,,,,,C,HOU
543,Reggie Nelson,,JAX,1,21,2007,Florida,2010,2018,27-35,136,122,2,,,,,FS,"CIN,OAK"
544,Haloti Ngata,,BAL,1,12,2006,Oregon,2010,2018,26-34,118,113,4,,,,,RDT,"BAL,DET,PHI"
545,Carl Nicks,,NOR,5,164,2008,Nebraska,2010,2013,25-28,41,41,2,,,,,LG,"NOR,TAM"
546,Russell Okung,,SEA,1,6,2010,Oklahoma State,2010,2020,22-32,131,131,2,,,,,LT,"CAR,DEN,LAC,SEA"
547,Brian Orakpo,,WAS,1,13,2009,Texas,2010,2018,24-32,116,116,3,,,,,ROLB,"TEN,WAS"
548,Kelechi Osemele,,BAL,2,60,2012,Iowa State,2012,2020,23-31,101,101,2,,,,,RT,"BAL,KAN,NYJ,OAK"
549,Julius Peppers,,CAR,1,2,2002,North Carolina,2010,2018,30-38,144,120,4,,,,,LDE,"CAR,CHI,GNB"
550,Shaun Phillips,,SDG,4,98,2004,Purdue,2010,2014,29-33,76,57,1,,,,,LOLB,"DEN,IND,SDG,TEN"
551,Troy Polamalu,,PIT,1,16,2003,Southern California,2010,2014,29-33,65,65,3,,,,,SS,PIT
552,Bernard Pollard,,KAN,2,54,2006,Purdue,2010,2014,26-30,65,62,1,,,,,SS,"BAL,HOU,TEN"
553,Paul Posluszny,,BUF,2,34,2007,Penn State,2010,2017,26-33,114,109,1,,,,,MLB,"BUF,JAX"
554,Maurkice Pouncey,,PIT,1,18,2010,Florida,2010,2020,21-31,134,134,9,,,,,C,PIT
555,Mike Pouncey,,MIA,1,15,2011,Florida,2011,2019,22-30,114,114,4,,,,,C,"LAC,MIA"
556,Glover Quin,,HOU,4,112,2009,New Mexico,2010,2018,24-32,144,144,1,,,,,FS,"DET,HOU"
557,Robert Quinn,,STL,1,14,2011,North Carolina,2011,2022,21-32,169,142,3,,,,,RDE,"CHI,DAL,LAR,MIA,PHI,STL"
558,Jay Ratliff,,DAL,7,224,2005,Auburn,2010,2015,29-34,56,55,2,,,,,NT,"CHI,DAL"
559,Ed Reed,,BAL,1,24,2002,Miami (FL),2010,2013,32-35,56,52,3,,,,,FS,"BAL,HOU,NYJ"
560,Eric Reid,,SFO,1,18,2013,Louisiana State,2013,2019,22-28,99,98,1,,,,,FS,"CAR,SFO"
561,Darrelle Revis,,NYJ,1,14,2007,Pittsburgh,2010,2017,25-32,97,94,5,,,,,LCB,"KAN,NWE,NYJ,TAM"
562,Xavier Rhodes,,MIN,1,25,2013,Florida State,2013,2022,23-32,135,127,3,,,,,RCB,"BUF,DAL,IND,MIN"
563,Dominique Rodgers-Cromartie,,ARI,1,16,2008,Tennessee State,2010,2019,24-33,130,94,1,,,,,DB,"ARI,DEN,NYG,OAK,PHI,WAS"
564,Carlos Rogers,,WAS,1,9,2005,Auburn,2010,2014,29-33,67,67,1,,,,,LCB,"OAK,SFO,WAS"
565,Antrel Rolle,,ARI,1,8,2005,Miami (FL),2010,2015,28-33,87,87,2,,,,,SS,"CHI,NYG"
566,Rodger Saffold,,STL,2,33,2010,Indiana,2010,2022,22-34,176,173,2,,,,,LT,"BUF,LAR,STL,TEN"
567,Asante Samuel,,NWE,4,120,2003,UCF,2010,2013,29-32,51,49,1,,,,,LCB,"ATL,PHI"
568,Joe Schobert,,CLE,4,99,2016,Wisconsin,2016,2022,23-29,99,81,1,,,,,MLB,"CLE,JAX,PIT,TEN"
569,Richard Seymour,,NWE,1,6,2001,Georgia,2010,2012,31-33,37,36,2,,,,,LDT,OAK
570,Ryan Shazier,,PIT,1,15,2014,Ohio State,2014,2017,22-25,46,41,2,,,,,LILB,PIT
571,Richard Sherman,,SEA,5,154,2011,Stanford,2011,2021,23-33,144,136,5,,,,,LCB,"SEA,SFO,TAM"
572,Kawann Short,,CAR,2,44,2013,Purdue,2013,2020,24-31,99,76,2,,,,,RDT,CAR
573,Josh Sitton,,GNB,4,135,2008,UCF,2010,2018,24-32,121,120,4,,,,,RG,"CHI,GNB,MIA"
574,Aldon Smith,,SFO,1,7,2011,Missouri,2011,2020,22-31,75,53,1,,,,,ROLB,"DAL,OAK,SFO"
575,Antonio Smith,,ARI,5,135,2004,Oklahoma State,2010,2016,29-35,108,79,1,,,,,LDE,"DEN,HOU,OAK"
576,Justin Smith,,CIN,1,4,2001,Missouri,2010,2014,31-35,78,78,4,,,,,RDE,SFO
577,Telvin Smith,,JAX,5,144,2014,Florida State,2014,2018,23-27,76,69,1,,,,,LLB,JAX
578,Wade Smith,,MIA,3,78,2003,Memphis,2010,2014,29-33,69,64,1,,,,,LG,"HOU,PHI"
579,Chris Snee,,NYG,2,34,2004,Boston College,2010,2013,28-31,50,50,2,,,,,RG,NYG
580,Paul Soliai,,MIA,4,108,2007,Utah,2010,2016,27-33,102,82,1,,,,,RDT,"ATL,CAR,MIA"
581,Anthony Spencer,,DAL,1,26,2007,Purdue,2010,2014,26-30,60,45,1,,,,,DE,DAL
582,Randy Starks,,TEN,3,71,2004,Maryland,2010,2015,27-32,94,91,2,,,,,LDT,"CLE,MIA"
583,Darrell Stuckey,,SDG,4,110,2010,Kansas,2010,2016,23-29,89,0,1,,,,,DB,SDG
584,Terrell Suggs,,BAL,1,10,2003,Arizona State,2010,2019,28-37,135,133,4,,,,,LB,"ARI,BAL,KAN"
585,Ndamukong Suh,,DET,1,2,2010,Nebraska,2010,2022,23-35,199,191,5,,,,,LDT,"DET,LAR,MIA,PHI,TAM"
586,Aqib Talib,,TAM,1,20,2008,Kansas,2010,2019,24-33,118,117,5,,,,,RCB,"DEN,LAR,NWE,TAM"
587,Earl Thomas,,SEA,1,14,2010,Texas,2010,2019,21-30,140,140,7,,,,,FS,"BAL,SEA"
588,Joe Thomas,,CLE,1,3,2007,Wisconsin,2010,2017,26-33,119,119,7,,,,,LT,CLE
589,Charles Tillman,,CHI,2,35,2003,Louisiana,2010,2015,29-34,70,70,2,,,,,LCB,"CAR,CHI"
590,Lawrence Timmons,,PIT,1,15,2007,Florida State,2010,2017,24-31,126,125,1,,,,,RILB,"MIA,PIT"
591,Desmond Trufant,,ATL,1,22,2013,Washington,2013,2021,23-31,113,104,1,,,,,LCB,"ATL,DET,LVR,NOR"
592,Justin Tuck,,NYG,3,74,2005,Notre Dame,2010,2015,27-32,79,73,1,,,,,LDE,"NYG,OAK"
593,Trai Turner,,CAR,3,92,2014,Louisiana State,2014,2022,21-29,126,118,5,,,,,RG,"CAR,LAC,PIT,WAS"
594,Max Unger,,SEA,2,49,2009,Oregon,2010,2018,24-32,114,114,3,,,,,C,"NOR,SEA"
595,Brian Urlacher,,CHI,1,9,2000,New Mexico,2010,2012,32-34,44,44,2,,,,,MLB,CHI
596,Louis Vasquez,,SDG,3,78,2009,Texas Tech,2010,2015,23-28,88,87,1,,,,,RG,"DEN,SDG"
597,Alterraun Verner,,TEN,4,104,2010,UCLA,2010,2017,22-29,125,72,1,,,,,DB,"MIA,TAM,TEN"
598,Olivier Vernon,,MIA,3,72,2012,Miami (FL),2012,2020,22-30,127,108,1,,,,,RDE,"CLE,MIA,NYG"
599,Jonathan Vilma,,NYJ,1,12,2004,Miami (FL),2010,2013,28-31,39,37,1,,,,,RLB,NOR
600,T.J. Ward,,CLE,2,38,2010,Oregon,2010,2017,24-31,107,99,3,,,,,SS,"CLE,DEN,TAM"
201,Jordan Cameron,288.6,CLE,4,102,2011,Southern California,2011,2016,23-28,66,50,1,288.6,461.6,4.37,6.99,TE,"CLE,MIA"
202,Gary Barnidge,287.6,CAR,5,141,2008,Louisville,2010,2016,25-31,93,51,1,287.6,453.6,3.09,4.88,TE,"CAR,CLE"
203,Trey McBride,271.8,ARI,2,55,2022,Colorado State,2022,2024,23-25,49,41,1,271.8,492.8,5.55,10.06,TE,ARI
204,Sam LaPorta,267.9,DET,2,34,2023,Iowa,2023,2024,22-23,33,30,1,267.9,413.9,8.12,12.54,TE,DET
205,Zay Flowers,264.9,BAL,1,22,2023,Boston College,2023,2024,23-24,33,31,1,264.9,415.9,8.03,12.6,WR,BAL
206,Devin Hester,259.6,CHI,2,57,2006,Miami (FL),2010,2016,28-34,96,27,2,259.6,386.6,2.7,4.03,WR,"ATL,BAL,CHI,SEA"
207,Zach Miller,253.7,OAK,2,38,2007,Arizona State,2010,2014,25-29,63,60,1,253.7,415.7,4.03,6.6,TE,"OAK,SEA"
208,Jaxon Smith-Njigba,239.8,SEA,1,20,2023,Ohio State,2023,2024,21-22,34,19,1,239.8,402.8,7.05,11.85,WR,SEA
209,Jakeem Grant,198.3,MIA,6,186,2016,Texas Tech,2016,2021,24-29,81,8,1,198.3,298.3,2.45,3.68,WR,"CHI,MIA"
210,Brian Thomas,197,JAX,1,23,2024,Louisiana State,2024,2024,22,17,16,1,197,284,11.59,16.71,WR,JAX
211,Jake Ferguson,180.9,DAL,4,129,2022,Wisconsin,2022,2024,23-25,47,38,1,180.9,329.9,3.85,7.02,TE,DAL
212,Donald Driver,178.7,GNB,7,213,1999,Alcorn State,2010,2012,35-37,44,31,1,178.7,274.7,4.06,6.24,WR,GNB
213,Drake Maye,177.1,NWE,1,3,2024,North Carolina,2024,2024,22,13,12,1,177.1,177.1,13.62,13.62,QB,NWE
214,Devin Duvernay,173.9,BAL,3,92,2020,Texas,2020,2024,23-27,72,25,2,173.9,278.9,2.42,3.87,WR,"BAL,JAX"
215,Jamal Agnew,168.9,DET,5,165,2017,San Diego,2017,2023,22-28,82,5,1,168.9,245.9,2.06,3,WR,"DET,JAX"
216,Malik Nabers,164.6,NYG,1,6,2024,Louisiana State,2024,2024,21,15,13,1,164.6,273.6,10.97,18.24,WR,NYG
217,Dwayne Harris,163.1,DAL,6,176,2011,East Carolina,2011,2020,24-33,109,11,1,163.1,240.1,1.5,2.2,WR,"CHI,DAL,NYG,OAK"
218,Brock Bowers,150.7,LVR,1,13,2024,Georgia,2024,2024,22,17,16,1,150.7,262.7,8.86,15.45,TE,LVR
219,Marvin Mims,139.2,DEN,2,63,2023,Oklahoma,2023,2024,21-22,33,9,2,139.2,200.2,4.22,6.07,WR,DEN
220,Leon Washington,126.6,NYJ,4,117,2006,Florida State,2010,2014,28-32,71,1,1,126.6,171.6,1.78,2.42,RB,"NWE,SEA,TEN"
221,Anthony Sherman,90.5,ARI,5,136,2011,Connecticut,2011,2020,23-32,153,35,1,90.5,156.5,0.59,1.02,RB,"ARI,KAN"
222,Pharoh Cooper,65.1,LAR,4,117,2016,South Carolina,2016,2022,21-27,75,7,1,65.1,126.1,0.87,1.68,WR,"ARI,CAR,CIN,LAR,NYG"
223,Michael Robinson,56.8,SFO,4,100,2006,Penn State,2010,2013,27-30,50,17,1,56.8,88.8,1.14,1.78,FB,SEA
224,Cedric Peerman,53.2,BAL,6,185,2009,Virginia,2010,2016,24-30,90,1,1,53.2,66.2,0.59,0.74,RB,CIN
225,Jerome Felton,40.3,DET,5,146,2008,Furman,2010,2016,24-30,106,36,1,40.3,68.3,0.38,0.64,RB,"BUF,CAR,DET,IND,MIN"
226,Marc Mariani,38.3,TEN,7,222,2010,Montana,2010,2016,23-29,70,5,1,38.3,65.3,0.55,0.93,WR,"CHI,TEN"
227,Ovie Mughelli,36.8,BAL,4,134,2003,Wake Forest,2010,2011,30-31,23,11,1,36.8,53.8,1.6,2.34,FB,ATL
228,J.J. Watt,24.4,HOU,1,11,2011,Wisconsin,2011,2022,22-33,151,151,5,24.4,27.4,0.16,0.18,LDE,"ARI,HOU"
229,Dontari Poe,16.3,KAN,1,11,2012,Memphis,2012,2020,22-30,128,125,2,16.3,16.3,0.13,0.13,NT,"ATL,CAR,DAL,KAN"
230,Taylor Decker,13.5,DET,1,16,2016,Ohio State,2016,2024,23-31,126,126,1,13.5,16.5,0.11,0.13,LT,DET
231,Dion Dawkins,12.8,BUF,2,63,2017,Temple,2017,2024,23-30,128,122,4,12.8,14.8,0.1,0.12,T,BUF
232,Sheldon Richardson,12.4,NYJ,1,13,2013,Missouri,2013,2021,23-31,138,125,1,12.4,12.4,0.09,0.09,RDE,"CLE,MIN,NYJ,SEA"
233,Sam Koch,11.7,BAL,6,203,2006,Nebraska,2010,2021,28-39,192,0,1,11.7,11.7,0.06,0.06,P,BAL
234,Kevin Byard,7.7,TEN,3,64,2016,Middle Tennessee,2016,2024,23-31,147,138,2,7.7,8.7,0.05,0.06,FS,"CHI,PHI,TEN"
235,Taylor Lewan,7,TEN,1,11,2014,Michigan,2014,2022,23-31,105,100,3,7,8,0.07,0.08,LT,TEN
236,Kyle Williams,7,BUF,5,134,2006,Louisiana State,2010,2018,27-35,121,121,6,7,8,0.06,0.07,LDT,BUF
237,Lane Johnson,6.5,PHI,1,4,2013,Oklahoma,2013,2024,23-34,158,158,6,6.5,7.5,0.04,0.05,RT,PHI
238,Eric Fisher,6.2,KAN,1,1,2013,Central Michigan,2013,2021,22-30,132,128,2,6.2,7.2,0.05,0.05,RT,"IND,KAN"
239,Jeffery Simmons,6.2,TEN,1,19,2019,Mississippi State,2019,2024,22-27,84,82,3,6.2,7.2,0.07,0.09,DT,TEN
240,Akiem Hicks,6.1,NOR,3,89,2012,Regina,2012,2022,23-33,149,121,1,6.1,6.1,0.04,0.04,DE,"CHI,NOR,NWE,TAM"
241,B.J. Raji,6.1,GNB,1,9,2009,Boston College,2010,2015,24-29,77,77,1,6.1,6.1,0.08,0.08,LDE,GNB
242,Vita Vea,6.1,TAM,1,12,2018,Washington,2018,2024,23-29,95,90,2,6.1,7.1,0.06,0.07,NT,TAM
243,Andrew Whitworth,6.1,CIN,2,55,2006,Louisiana State,2010,2021,29-40,181,181,4,6.1,7.1,0.03,0.04,LT,"CIN,LAR"
244,Shane Lechler,6,OAK,5,142,2000,Texas A&M,2010,2017,34-41,128,0,2,6,6,0.05,0.05,P,"HOU,OAK"
245,Dashon Goldson,5.3,SFO,4,126,2007,Washington,2010,2016,26-32,92,88,2,5.3,5.3,0.06,0.06,FS,"ATL,SFO,TAM,WAS"
246,Patrick Peterson,4.6,ARI,1,5,2011,Louisiana State,2011,2023,21-33,201,200,8,4.6,14.6,0.02,0.07,LCB,"ARI,MIN,PIT"
247,Pat McAfee,3.2,IND,7,222,2009,West Virginia,2010,2016,23-29,111,0,2,3.2,3.2,0.03,0.03,P,IND
248,Joe Staley,3.1,SFO,1,28,2007,Central Michigan,2010,2019,26-35,140,140,6,3.1,6.1,0.02,0.04,LT,SFO
249,Andy Lee,2.2,SFO,6,188,2004,Pittsburgh,2010,2022,28-40,201,0,1,2.2,2.2,0.01,0.01,P,"ARI,CAR,CLE,SFO"
250,Jalen Reeves-Maybin,1.6,DET,4,124,2017,Tennessee,2017,2024,22-29,114,14,1,1.6,1.6,0.01,0.01,LB,"DET,HOU"
251,Logan Cooke,1.3,JAX,7,247,2018,Mississippi State,2018,2024,23-29,112,0,1,1.3,1.3,0.01,0.01,P,JAX
252,Matthew Slater,1.1,NWE,5,153,2008,UCLA,2010,2023,25-38,211,3,10,1.1,2.1,0.01,0.01,WR,NWE
253,Bryan Anger,1,JAX,3,70,2012,California,2012,2024,24-36,210,0,2,1,1,0,0,P,"DAL,HOU,JAX,TAM"
254,Mike Iupati,1,SFO,1,17,2010,Idaho,2010,2020,23-33,140,139,4,1,2,0.01,0.01,LG,"ARI,SEA,SFO"
255,Jordan Poyer,1,PHI,7,218,2013,Oregon State,2013,2024,22-33,171,133,1,1,1,0.01,0.01,FS,"BUF,CLE,MIA,PHI"
256,Michael Dickson,0.9,SEA,5,149,2018,Texas,2018,2024,22-28,116,0,1,0.9,0.9,0.01,0.01,P,SEA
257,Penei Sewell,0.9,DET,1,7,2021,Oregon,2021,2024,21-24,67,67,3,0.9,1.9,0.01,0.03,T,DET
258,Tristan Wirfs,0.9,TAM,1,13,2020,Iowa,2020,2024,21-25,79,79,4,0.9,0.9,0.01,0.01,T,TAM
259,Thomas Morstead,0.7,NOR,5,164,2009,SMU,2010,2024,24-38,239,0,1,0.7,0.7,0,0,P,"ATL,MIA,NOR,NYJ"
260,Eric Weddle,0.4,SDG,2,37,2007,Utah,2010,2021,25-36,157,157,6,0.4,0.4,0,0,FS,"BAL,LAR,SDG"
261,Dustin Colquitt,0.2,KAN,3,99,2005,Tennessee,2010,2021,28-39,177,0,2,0.2,0.2,0,0,P,"ATL,CLE,JAX,KAN,PIT"
262,Julian Love,0.2,NYG,4,108,2019,Notre Dame,2019,2024,21-26,98,61,1,0.2,0.2,0,0,DB,"NYG,SEA"
263,Jordan Gross,0.1,CAR,1,8,2003,Utah,2010,2013,30-33,63,63,2,0.1,0.1,0,0,LT,CAR
264,Jamal Adams,0,NYJ,1,6,2017,Louisiana State,2017,2024,22-29,85,83,3,0,0,0,0,SS,"DET,NYJ,SEA,TEN"
265,Jaire Alexander,0,GNB,1,18,2018,Louisville,2018,2024,21-27,78,76,2,0,0,0,0,LCB,GNB
266,Kwon Alexander,0,TAM,4,124,2015,Louisiana State,2015,2024,21-30,109,92,1,0,0,0,0,LLB,"DEN,DET,NOR,NYJ,PIT,SFO,TAM"
267,Jonathan Allen,0,WAS,1,17,2017,Alabama,2017,2024,22-29,109,108,2,0,0,0,0,RDT,WAS
268,Josh Hines-Allen,0,JAX,1,7,2019,Kentucky,2019,2024,22-27,90,76,2,0,0,0,0,LDE,JAX
269,Will Anderson,0,HOU,1,3,2023,Alabama,2023,2024,22-23,29,27,1,0,0,0,0,DE,HOU
270,Terron Armstead,0,NOR,3,75,2013,Arkansas–Pine Bluff,2013,2024,22-33,135,131,5,0,0,0,0,LT,"MIA,NOR"
271,Jake Bailey,0,NWE,5,163,2019,Stanford,2019,2024,22-27,92,0,1,0,0,0,0,P,"MIA,NWE"
272,Budda Baker,0,ARI,2,36,2017,Washington,2017,2024,21-28,122,112,7,0,0,0,0,SS,ARI
273,David Bakhtiari,0,GNB,4,109,2013,Colorado,2013,2023,22-32,131,131,3,0,0,0,0,T,GNB
274,Anthony Barr,0,MIN,1,9,2014,UCLA,2014,2023,22-31,116,108,4,0,0,0,0,RLB,"DAL,MIN"
275,Jessie Bates III,0,CIN,2,54,2018,Wake Forest,2018,2024,21-27,113,113,1,0,0,0,0,S,"ATL,CIN"
276,Zack Baun,0,NOR,3,74,2020,Wisconsin,2020,2024,24-28,78,30,1,0,0,0,0,RLB,"NOR,PHI"
277,Justin Bethel,0,ARI,6,177,2012,Presbyterian,2012,2023,22-33,193,15,3,0,0,0,0,DB,"ARI,ATL,BAL,MIA,NWE"
278,Tyler Biadasz,0,DAL,4,146,2020,Wisconsin,2020,2024,23-27,76,68,1,0,0,0,0,C,"DAL,WAS"
279,Joel Bitonio,0,CLE,2,35,2014,Nevada,2014,2024,23-33,161,161,7,0,0,0,0,LG,CLE
280,DaRon Bland,0,DAL,5,167,2022,Fresno State,2022,2024,23-25,41,30,1,0,0,0,0,CB,DAL
281,Nik Bonitto,0,DEN,2,64,2022,Oklahoma,2022,2024,23-25,47,20,1,0,0,0,0,OLB,DEN
282,Joey Bosa,0,SDG,1,3,2016,Ohio State,2016,2024,21-29,107,93,5,0,0,0,0,OLB,"LAC,SDG"
283,Nick Bosa,0,SFO,1,2,2019,Ohio State,2019,2024,22-27,82,80,5,0,0,0,0,LDE,SFO
284,James Bradberry,0,CAR,2,62,2016,Samford,2016,2023,23-30,125,124,1,0,0,0,0,LCB,"CAR,NYG,PHI"
285,Brian Branch,0,DET,2,45,2023,Alabama,2023,2024,22-23,31,25,1,0,0,0,0,DB,DET
286,Derrick Brown,0,CAR,1,7,2020,Auburn,2020,2024,22-26,67,64,1,0,0,0,0,LDT,CAR
287,Duane Brown,0,HOU,1,26,2008,Virginia Tech,2010,2023,25-38,188,186,5,0,0,0,0,LT,"HOU,NYJ,SEA"
288,Orlando Brown Jr.,0,BAL,3,83,2018,Oklahoma,2018,2024,22-28,109,103,4,0,0,0,0,LT/RT,"BAL,CIN,KAN"
289,Trent Brown,0,SFO,7,244,2015,Florida,2015,2024,22-31,103,96,1,0,0,0,0,T,"CIN,LVR,NWE,OAK,SFO"
290,DeForest Buckner,0,SFO,1,7,2016,Oregon,2016,2024,22-30,141,136,3,0,0,0,0,DT,"IND,SFO"
291,Brian Burns,0,CAR,1,16,2019,Florida State,2019,2024,21-26,97,84,2,0,0,0,0,RDE,"CAR,NYG"
292,Calais Campbell,0,ARI,2,50,2008,Miami (FL),2010,2024,24-38,229,227,6,0,0,0,0,LDE,"ARI,ATL,BAL,JAX,MIA"
293,Jalen Carter,0,PHI,1,9,2023,Georgia,2023,2024,22-23,32,16,1,0,0,0,0,DT,PHI
294,Bradley Chubb,0,DEN,1,5,2018,NC State,2018,2023,22-27,73,72,2,0,0,0,0,ROLB,"DEN,MIA"
295,Frank Clark,0,SEA,2,63,2015,Michigan,2015,2023,22-30,128,88,3,0,0,0,0,RDE,"DEN,KAN,SEA"
296,Kenny Clark,0,GNB,1,27,2016,UCLA,2016,2024,21-29,140,126,3,0,0,0,0,NT,GNB
297,Jadeveon Clowney,0,HOU,1,1,2014,South Carolina,2014,2024,21-31,140,127,3,0,0,0,0,RDE,"BAL,CAR,CLE,HOU,SEA,TEN"
298,Fletcher Cox,0,PHI,1,12,2012,Mississippi State,2012,2023,22-33,188,182,6,0,0,0,0,RDE,PHI
299,Maxx Crosby,0,OAK,4,106,2019,Eastern Michigan,2019,2024,22-27,95,89,4,0,0,0,0,RDE,"LVR,OAK"
300,Demario Davis,0,NYJ,3,77,2012,Arkansas State,2012,2024,23-35,210,196,2,0,0,0,0,MLB,"CLE,NOR,NYJ"
301,Lavonte David,0,TAM,2,58,2012,Nebraska,2012,2024,22-34,198,198,1,0,0,0,0,RLB,TAM
302,Landon Dickerson,0,PHI,2,37,2021,Alabama,2021,2024,23-26,63,62,3,0,0,0,0,G,PHI
303,Quandre Diggs,0,DET,6,200,2015,Texas,2015,2024,22-31,145,120,3,0,0,0,0,SS,"DET,SEA,TEN"
304,Trevon Diggs,0,DAL,2,51,2020,Alabama,2020,2024,22-26,58,57,2,0,0,0,0,CB,DAL
305,Aaron Donald,0,STL,1,13,2014,Pittsburgh,2014,2023,23-32,154,150,10,0,0,0,0,DT,"LAR,STL"
306,Tremaine Edmunds,0,BUF,1,16,2018,Virginia Tech,2018,2024,20-26,106,106,2,0,0,0,0,LB,"BUF,CHI"
307,Minkah Fitzpatrick,0,MIA,1,11,2018,Alabama,2018,2024,22-28,106,101,5,0,0,0,0,SS,"MIA,PIT"
308,Zaire Franklin,0,IND,7,235,2018,Syracuse,2018,2024,22-28,115,65,1,0,0,0,0,LB,IND
309,Sauce Gardner,0,NYJ,1,4,2022,Cincinnati,2022,2024,22-24,48,48,2,0,0,0,0,CB,NYJ
310,Myles Garrett,0,CLE,1,1,2017,Texas A&M,2017,2024,22-29,117,114,6,0,0,0,0,LDE,CLE
311,Rashan Gary,0,GNB,1,12,2019,Michigan,2019,2024,22-27,90,59,1,0,0,0,0,ROLB,GNB
312,Stephon Gilmore,0,BUF,1,10,2012,South Carolina,2012,2024,22-34,180,173,5,0,0,0,0,RCB,"BUF,CAR,DAL,IND,MIN,NWE"
313,Brandon Graham,0,PHI,1,13,2010,Michigan,2010,2024,22-36,206,106,1,0,0,0,0,LDE,PHI
314,Jonathan Greenard,0,HOU,3,90,2020,Florida,2020,2024,23-27,65,49,1,0,0,0,0,DE,"HOU,MIN"
315,Shaquill Griffin,0,SEA,3,90,2017,UCF,2017,2024,22-29,106,82,1,0,0,0,0,LCB,"CAR,HOU,JAX,MIN,SEA"
316,Kyle Hamilton,0,BAL,1,14,2022,Notre Dame,2022,2024,21-23,48,36,2,0,0,0,0,S,BAL
317,Javon Hargrave,0,PIT,3,89,2016,South Carolina State,2016,2024,23-31,130,115,2,0,0,0,0,DL,"PHI,PIT,SFO"
318,Trey Hendrickson,0,NOR,3,103,2017,Florida Atlantic,2017,2024,23-30,110,81,4,0,0,0,0,LB,"CIN,NOR"
319,Cameron Heyward,0,PIT,1,31,2011,Ohio State,2011,2024,22-35,211,176,7,0,0,0,0,DT,PIT
320,Jaycee Horn,0,CAR,1,8,2021,South Carolina,2021,2024,22-25,37,37,1,0,0,0,0,CB,CAR
321,Justin Houston,0,KAN,3,70,2011,Georgia,2011,2023,22-34,170,151,4,0,0,0,0,LDE,"BAL,CAR,IND,KAN,MIA"
322,Xavien Howard,0,MIA,2,38,2016,Baylor,2016,2023,23-30,100,99,4,0,0,0,0,LCB,MIA
323,Talanoa Hufanga,0,SFO,5,180,2021,Southern California,2021,2024,22-25,49,37,1,0,0,0,0,S,SFO
324,Creed Humphrey,0,KAN,2,63,2021,Oklahoma,2021,2024,22-25,68,68,3,0,0,0,0,C,KAN
325,D.J. Humphries,0,ARI,1,24,2015,Florida,2016,2024,23-31,100,100,1,0,0,0,0,LT,"ARI,KAN"
326,Marlon Humphrey,0,BAL,1,16,2017,Alabama,2017,2024,21-28,116,98,4,0,0,0,0,LCB,BAL
327,Danielle Hunter,0,MIN,3,88,2015,Louisiana State,2015,2024,21-30,136,107,5,0,0,0,0,LDE,"HOU,MIN"
328,Robert Hunt,0,MIA,2,39,2020,Louisiana,2020,2024,24-28,77,71,1,0,0,0,0,RG,"CAR,MIA"
329,Aidan Hutchinson,0,DET,1,2,2022,Michigan,2022,2024,22-24,39,39,1,0,0,0,0,DL,DET
330,Micah Hyde,0,GNB,5,159,2013,Iowa,2013,2023,23-32,158,128,1,0,0,0,0,DB,"BUF,GNB"
331,Melvin Ingram,0,SDG,1,18,2012,South Carolina,2012,2023,23-34,148,106,3,0,0,0,0,LOLB,"KAN,LAC,MIA,PIT,SDG"
332,Eddie Jackson,0,CHI,4,112,2017,Alabama,2017,2024,24-31,111,104,2,0,0,0,0,FS,"BAL,CHI,LAC"
333,Jonah Jackson,0,DET,3,75,2020,Ohio State,2020,2024,23-27,61,61,1,0,0,0,0,LG,"DET,LAR"
334,Derwin James,0,LAC,1,17,2018,Florida State,2018,2024,22-28,82,82,4,0,0,0,0,S,LAC
335,Grady Jarrett,0,ATL,5,137,2015,Clemson,2015,2024,22-31,152,137,2,0,0,0,0,RDT,ATL
336,Elgton Jenkins,0,GNB,2,44,2019,Mississippi State,2019,2024,24-29,87,85,2,0,0,0,0,LG,GNB
337,Jaylon Johnson,0,CHI,2,50,2020,Utah,2020,2024,21-25,70,70,2,0,0,0,0,LCB,CHI
338,Jermaine Johnson II,0,NYJ,1,26,2022,Florida State,2022,2024,23-25,33,19,1,0,0,0,0,LB,NYJ
339,Chris Jones,0,KAN,2,37,2016,Mississippi State,2016,2024,22-30,138,117,6,0,0,0,0,LDE,KAN
340,Deion Jones,0,ATL,2,52,2016,Louisiana State,2016,2024,22-30,111,91,1,0,0,0,0,LB,"ATL,CAR,CLE,TAM"
341,Cameron Jordan,0,NOR,1,24,2011,California,2011,2024,22-35,226,225,8,0,0,0,0,DE,NOR
342,Linval Joseph,0,NYG,2,46,2010,East Carolina,2010,2024,22-36,203,170,2,0,0,0,0,NT,"BUF,DAL,LAC,MIN,NYG,PHI"
343,Matt Judon,0,BAL,5,146,2016,Grand Valley State,2016,2024,24-32,131,97,4,0,0,0,0,LOLB,"ATL,BAL,NWE"
344,Cam Jurgens,0,PHI,2,51,2022,Nebraska,2022,2024,23-25,44,27,1,0,0,0,0,OL,PHI
345,Jason Kelce,0,PHI,6,191,2011,Cincinnati,2011,2023,24-36,193,193,7,0,0,0,0,C,PHI
346,Ryan Kelly,0,IND,1,18,2016,Alabama,2016,2024,23-31,121,121,4,0,1,0,0.01,C,IND
347,Eric Kendricks,0,MIN,2,45,2015,UCLA,2015,2024,23-32,147,142,1,0,0,0,0,RILB,"DAL,LAC,MIN"
348,Miles Killebrew,0,DET,4,111,2016,Southern Utah,2016,2024,23-31,146,5,2,0,0,0,0,DB,"DET,PIT"
349,Harold Landry,0,TEN,2,41,2018,Boston College,2018,2024,22-28,98,79,1,0,0,0,0,ROLB,TEN
350,Marshon Lattimore,0,NOR,1,11,2017,Ohio State,2017,2024,21-28,99,99,4,0,0,0,0,RCB,"NOR,WAS"
351,DeMarcus Lawrence,0,DAL,2,34,2014,Boise State,2014,2024,22-32,141,123,4,0,0,0,0,LDE,DAL
352,Dexter Lawrence,0,NYG,1,17,2019,Clemson,2019,2024,22-27,92,85,3,0,0,0,0,DL,NYG
353,Charles Leno Jr.,0,CHI,7,246,2014,Boise State,2014,2023,23-32,149,141,1,0,0,0,0,T,"CHI,WAS"
354,Shaquille Leonard,0,IND,2,36,2018,South Carolina State,2018,2023,23-28,75,71,3,0,0,0,0,LLB,"IND,PHI"
355,Chris Lindstrom,0,ATL,1,14,2019,Boston College,2019,2024,22-27,88,88,3,0,0,0,0,RG,ATL
356,Tyler Linderbaum,0,BAL,1,25,2022,Iowa,2022,2024,22-24,49,49,2,0,0,0,0,C,BAL
357,Corey Linsley,0,GNB,5,161,2014,Ohio State,2014,2023,23-32,132,132,1,0,0,0,0,C,"GNB,LAC"
358,Khalil Mack,0,OAK,1,5,2014,Buffalo,2014,2024,23-33,167,166,9,0,0,0,0,LOLB,"CHI,LAC,OAK"
359,Nnamdi Madubuike,0,BAL,3,71,2020,Texas A&M,2020,2024,23-27,76,64,2,0,0,0,0,DT,BAL
360,Zack Martin,0,DAL,1,16,2014,Notre Dame,2014,2024,24-34,162,162,9,0,0,0,0,G,DAL
361,Tyrann Mathieu,0,ARI,3,69,2013,Louisiana State,2013,2024,21-32,180,171,3,0,0,0,0,FS,"ARI,HOU,KAN,NOR"
362,Jake Matthews,0,ATL,1,6,2014,Texas A&M,2014,2024,22-32,179,179,1,0,0,0,0,LT,ATL
363,Erik McCoy,0,NOR,2,48,2019,Texas A&M,2019,2024,22-27,81,81,2,0,0,0,0,C,NOR
364,Connor McGovern,0,DAL,3,90,2019,Penn State,2020,2024,23-27,78,62,1,0,0,0,0,G,"BUF,DAL"
365,Xavier McKinney,0,NYG,2,36,2020,Alabama,2020,2024,22-26,66,63,1,0,0,0,0,S,"GNB,NYG"
366,Matt Milano,0,BUF,5,163,2017,Boston College,2017,2024,23-30,94,78,1,0,0,0,0,RLB,BUF
367,Von Miller,0,DEN,1,2,2011,Texas A&M,2011,2024,22-35,186,161,8,0,0,0,0,LB,"BUF,DEN,LAR"
368,Mitch Morse,0,KAN,2,49,2015,Missouri,2015,2024,23-32,143,143,1,0,0,0,0,OL,"BUF,JAX,KAN"
369,C.J. Mosley,0,BAL,1,17,2014,Alabama,2014,2024,22-32,133,132,5,0,0,0,0,LILB,"BAL,NYJ"
370,Byron Murphy,0,ARI,2,33,2019,Washington,2019,2024,21-26,87,79,1,0,0,0,0,LCB,"ARI,MIN"
371,Keanu Neal,0,ATL,1,17,2016,Florida,2016,2023,21-28,89,69,1,0,0,0,0,DB,"ATL,DAL,PIT,TAM"
372,Quenton Nelson,0,IND,1,6,2018,Notre Dame,2018,2024,22-28,112,112,7,0,0,0,0,LG,IND
373,Yannick Ngakoue,0,JAX,3,69,2016,Maryland,2016,2024,21-29,134,115,1,0,0,0,0,DL,"BAL,CHI,IND,JAX,LVR,MIN,NWE"
374,Josh Norman,0,CAR,5,143,2012,Coastal Carolina,2012,2023,25-36,141,110,1,0,0,0,0,RCB,"BUF,CAR,SFO,WAS"
375,Brian O'Neill,0,MIN,2,62,2018,Pittsburgh,2018,2024,23-29,110,106,2,0,0,0,0,RT,MIN
376,Jeremiah Owusu-Koramoah,0,CLE,2,52,2021,Notre Dame,2021,2024,22-25,49,41,1,0,0,0,0,LB,CLE
377,Micah Parsons,0,DAL,1,12,2021,Penn State,2021,2024,22-25,63,63,4,0,0,0,0,LB,DAL
378,Daron Payne,0,WAS,1,13,2018,Alabama,2018,2024,21-27,115,109,1,0,0,0,0,RDT,WAS
379,Andrus Peat,0,NOR,1,13,2015,Stanford,2015,2024,22-31,126,103,3,0,0,0,0,OL,"LVR,NOR"
380,Denzel Perryman,0,SDG,2,48,2015,Miami (FL),2015,2024,23-32,119,99,1,0,0,0,0,MLB,"HOU,LAC,LVR,SDG"
381,Marcus Peters,0,KAN,1,18,2015,Washington,2015,2023,22-30,116,115,3,0,0,0,0,LCB,"BAL,KAN,LAR,LVR"
382,Jason Pierre-Paul,0,NYG,1,15,2010,South Florida,2010,2023,21-34,182,150,3,0,0,0,0,LOLB,"BAL,MIA,NOR,NYG,TAM"
383,Patrick Queen,0,BAL,1,28,2020,Louisiana State,2020,2024,21-25,84,84,2,0,0,0,0,LILB,"BAL,PIT"
384,Frank Ragnow,0,DET,1,20,2018,Arkansas,2018,2024,22-28,96,96,4,0,0,0,0,LG,DET
385,Jalen Ramsey,0,JAX,1,5,2016,Florida State,2016,2024,22-30,135,134,7,0,0,0,0,RCB,"JAX,LAR,MIA"
386,Haason Reddick,0,ARI,1,13,2017,Temple,2017,2024,23-30,124,83,2,0,0,0,0,LLB,"ARI,CAR,NYJ,PHI"
387,Brandon Scherff,0,WAS,1,5,2015,Iowa,2015,2024,24-33,140,140,5,0,0,0,0,OL,"JAX,WAS"
388,Isaac Seumalo,0,PHI,3,79,2016,Oregon State,2016,2024,23-31,111,90,1,0,0,0,0,LG,"PHI,PIT"
389,Justin Simmons,0,DEN,3,98,2016,Boston College,2016,2024,23-31,134,124,2,0,0,0,0,FS,"ATL,DEN"
390,Rashawn Slater,0,LAC,1,13,2021,Northwestern,2021,2024,22-25,51,51,2,0,0,0,0,LT,LAC
391,Darius Slay,0,DET,2,36,2013,Mississippi State,2013,2024,22-33,177,167,6,0,0,0,0,LCB,"DET,PHI"
392,Harrison Smith,0,MIN,1,29,2012,Notre Dame,2012,2024,23-35,192,191,6,0,0,0,0,S,MIN
393,Jaylon Smith,0,DAL,2,34,2016,Notre Dame,2017,2023,22-28,88,69,1,0,0,0,0,MLB,"DAL,GNB,LVR,NYG"
394,Roquan Smith,0,CHI,1,8,2018,Georgia,2018,2024,21-27,110,108,3,0,0,0,0,RILB,"BAL,CHI"
395,Trey Smith,0,KAN,6,226,2021,Tennessee,2021,2024,22-25,67,67,1,0,0,0,0,G,KAN
396,Tyron Smith,0,DAL,1,9,2011,Southern California,2011,2024,21-34,171,171,8,0,0,0,0,T,"DAL,NYJ"
397,Tyler Smith,0,DAL,1,24,2022,Tulsa,2022,2024,21-23,47,47,2,0,1,0,0.02,OL,DAL
398,Za'Darius Smith,0,BAL,4,122,2015,Kentucky,2015,2024,23-32,140,96,3,0,0,0,0,DE,"BAL,CLE,DET,GNB,MIN"
399,Ronnie Stanley,0,BAL,1,6,2016,Notre Dame,2016,2024,22-30,104,104,2,0,0,0,0,T,BAL
400,Derek Stingley Jr.,0,HOU,1,3,2022,Louisiana State,2022,2024,21-23,37,37,1,0,0,0,0,CB,HOU
601,DeMarcus Ware,,DAL,1,11,2005,Troy,2010,2016,28-34,98,94,5,,,,,ROLB,"DAL,DEN"
602,Larry Warford,,DET,3,65,2013,Kentucky,2013,2019,22-28,101,101,3,,,,,RG,"DET,NOR"
603,Daryl Washington,,ARI,2,47,2010,TCU,2010,2013,24-27,59,53,1,,,,,RILB,ARI
604,Scott Wells,,GNB,7,251,2004,Tennessee,2010,2014,29-33,67,67,1,,,,,C,"GNB,STL"
605,Donte Whitner,,BUF,1,8,2006,Ohio State,2010,2016,25-31,104,102,2,,,,,SS,"BUF,CLE,SFO,WAS"
606,Vince Wilfork,,NWE,1,21,2004,Miami (FL),2010,2016,29-35,99,99,3,,,,,LDE,"HOU,NWE"
607,Muhammad Wilkerson,,NYJ,1,30,2011,Temple,2011,2018,22-29,108,104,1,,,,,LDE,"GNB,NYJ"
608,Brandon Williams,,BAL,3,94,2013,Missouri Southern State,2013,2022,24-33,128,114,1,,,,,DT,"BAL,KAN"
609,Kevin Williams,,MIN,1,9,2003,Oklahoma State,2010,2015,30-35,93,83,1,,,,,RDT,"MIN,NOR,SEA"
610,Mario Williams,,HOU,1,1,2006,NC State,2010,2016,25-31,94,86,2,,,,,ROLB,"BUF,HOU,MIA"
611,Patrick Willis,,SFO,1,11,2007,Ole Miss,2010,2014,25-29,64,64,4,,,,,RILB,SFO
612,Adrian Wilson,,ARI,3,64,2001,NC State,2010,2012,31-33,47,46,2,,,,,SS,ARI
613,Antoine Winfield,,BUF,1,23,1999,Ohio State,2010,2012,33-35,37,36,1,,,,,LCB,MIN
614,Charles Woodson,,OAK,1,4,1998,Michigan,2010,2015,34-39,86,86,3,,,,,LCB,"GNB,OAK"
615,Eric Wood,,BUF,1,28,2009,Louisville,2010,2017,24-31,110,110,1,,,,,RG,BUF
616,K.J. Wright,,SEA,4,99,2011,Mississippi State,2011,2021,22-32,161,148,1,,,,,RLB,"LVR,SEA"
617,Marshal Yanda,,BAL,3,86,2007,Iowa,2010,2019,26-35,140,140,8,,,,,LG/RG,BAL
618,Jeremy Zuttah,,TAM,3,83,2008,Rutgers,2010,2016,24-30,103,96,1,,,,,C,"BAL,TAM"
